battery_temp,1605070997000000000,,Discharging,SWD,macos,6c328af026994ab5ae14d1eb27d92e2b,32.5
battery_temp,1605071011000000000,,Discharging,SWD,macos,6c328af026994ab5ae14d1eb27d92e2b,32.5
battery_temp,1605071026000000000,,Discharging,SWD,macos,6c328af026994ab5ae14d1eb27d92e2b,32.59
battery_temp,1605071040000000000,,Discharging,SWD,macos,6c328af026994ab5ae14d1eb27d92e2b,32.59
battery_temp,1605071054000000000,,Discharging,SWD,macos,6c328af026994ab5ae14d1eb27d92e2b,32.59
battery_temp,1605071068000000000,,Discharging,SWD,macos,6c328af026994ab5ae14d1eb27d92e2b,32.59
battery_temp,1605071082000000000,,Discharging,SWD,macos,6c328af026994ab5ae14d1eb27d92e2b,32.59
battery_temp,1605071096000000000,,Discharging,SWD,macos,6c328af026994ab5ae14d1eb27d92e2b,32.59
battery_temp,1605071110000000000,,Discharging,SWD,macos,6c328af026994ab5ae14d1eb27d92e2b,32.69
battery_temp,1605071124000000000,,Discharging,SWD,macos,6c328af026994ab5ae14d1eb27d92e2b,32.69
battery_temp,1605071138000000000,,Discharging,SWD,macos,6c328af026994ab5ae14d1eb27d92e2b,32.69
battery_temp,1605071153000000000,,Discharging,SWD,macos,6c328af026994ab5ae14d1eb27d92e2b,32.69
battery_temp,1605071166000000000,,Discharging,SWD,macos,6c328af026994ab5ae14d1eb27d92e2b,32.69
battery_temp,1605071181000000000,,Discharging,SWD,macos,6c328af026994ab5ae14d1eb27d92e2b,32.69
battery_temp,1605071196000000000,,Discharging,SWD,macos,6c328af026994ab5ae14d1eb27d92e2b,32.69
battery_temp,1605071210000000000,,Discharging,SWD,macos,6c328af026994ab5ae14d1eb27d92e2b,32.69
battery_temp,1605071224000000000,,Discharging,SWD,macos,6c328af026994ab5ae14d1eb27d92e2b,32.69
battery_temp,1605071238000000000,,Discharging,SWD,macos,6c328af026994ab5ae14d1eb27d92e2b,32.69
battery_temp,1605071252000000000,,Discharging,SWD,macos,6c328af026994ab5ae14d1eb27d92e2b,32.69
battery_temp,1605071266000000000,,Discharging,SWD,macos,6c328af026994ab5ae14d1eb27d92e2b,32.59
battery_temp,1605071280000000000,,Discharging,SWD,macos,6c328af026994ab5ae14d1eb27d92e2b,32.69
battery_temp,1605071294000000000,,Discharging,SWD,macos,6c328af026994ab5ae14d1eb27d92e2b,32.69
battery_temp,1605071308000000000,,Discharging,SWD,macos,6c328af026994ab5ae14d1eb27d92e2b,32.69
battery_temp,1605071322000000000,,Discharging,SWD,macos,6c328af026994ab5ae14d1eb27d92e2b,32.69
battery_temp,1605071336000000000,,Discharging,SWD,macos,6c328af026994ab5ae14d1eb27d92e2b,32.69
battery_temp,1605071350000000000,,Discharging,SWD,macos,6c328af026994ab5ae14d1eb27d92e2b,32.69
battery_temp,1605071364000000000,,Discharging,SWD,macos,6c328af026994ab5ae14d1eb27d92e2b,32.59
battery_temp,1605071379000000000,,Discharging,SWD,macos,6c328af026994ab5ae14d1eb27d92e2b,32.59
battery_temp,1605071393000000000,,Discharging,SWD,macos,6c328af026994ab5ae14d1eb27d92e2b,32.59
battery_temp,1605071407000000000,,Discharging,SWD,macos,6c328af026994ab5ae14d1eb27d92e2b,32.59
battery_temp,1605071421000000000,,Discharging,SWD,macos,6c328af026994ab5ae14d1eb27d92e2b,32.59
battery_temp,1605071434000000000,,Discharging,SWD,macos,6c328af026994ab5ae14d1eb27d92e2b,32.59
battery_temp,1605071449000000000,,Discharging,SWD,macos,6c328af026994ab5ae14d1eb27d92e2b,32.59
battery_temp,1605071462000000000,,Discharging,SWD,macos,6c328af026994ab5ae14d1eb27d92e2b,32.59
battery_temp,1605071477000000000,,Discharging,SWD,macos,6c328af026994ab5ae14d1eb27d92e2b,32.59
battery_temp,1605071491000000000,,Discharging,SWD,macos,6c328af026994ab5ae14d1eb27d92e2b,32.59
battery_temp,1605071505000000000,,Discharging,SWD,macos,6c328af026994ab5ae14d1eb27d92e2b,32.59
battery_temp,1605071519000000000,,Discharging,SWD,macos,6c328af026994ab5ae14d1eb27d92e2b,32.59
battery_temp,1605071533000000000,,Discharging,SWD,macos,6c328af026994ab5ae14d1eb27d92e2b,32.59
battery_temp,1605071547000000000,,Discharging,SWD,macos,6c328af026994ab5ae14d1eb27d92e2b,32.59
battery_temp,1605071561000000000,,Discharging,SWD,macos,6c328af026994ab5ae14d1eb27d92e2b,32.59
battery_temp,1605071575000000000,,Discharging,SWD,macos,6c328af026994ab5ae14d1eb27d92e2b,32.59
battery_temp,1605071589000000000,,Discharging,SWD,macos,6c328af026994ab5ae14d1eb27d92e2b,32.59
battery_temp,1605071602000000000,,Discharging,SWD,macos,6c328af026994ab5ae14d1eb27d92e2b,32.59
battery_temp,1605071617000000000,,Discharging,SWD,macos,6c328af026994ab5ae14d1eb27d92e2b,32.59
battery_temp,1605071630000000000,,Discharging,SWD,macos,6c328af026994ab5ae14d1eb27d92e2b,32.8
battery_temp,1605071644000000000,,Discharging,SWD,macos,6c328af026994ab5ae14d1eb27d92e2b,32.8
battery_temp,1605071658000000000,,Discharging,SWD,macos,6c328af026994ab5ae14d1eb27d92e2b,32.8
battery_temp,1605071672000000000,,Discharging,SWD,macos,6c328af026994ab5ae14d1eb27d92e2b,32.8
battery_temp,1605071686000000000,,Discharging,SWD,macos,6c328af026994ab5ae14d1eb27d92e2b,32.8
battery_temp,1605071701000000000,,Discharging,SWD,macos,6c328af026994ab5ae14d1eb27d92e2b,32.89
battery_temp,1605071715000000000,,Discharging,SWD,macos,6c328af026994ab5ae14d1eb27d92e2b,32.89
battery_temp,1605071729000000000,,Discharging,SWD,macos,6c328af026994ab5ae14d1eb27d92e2b,32.89
battery_temp,1605071743000000000,,Discharging,SWD,macos,6c328af026994ab5ae14d1eb27d92e2b,34
battery_temp,1605071757000000000,,Discharging,SWD,macos,6c328af026994ab5ae14d1eb27d92e2b,34
battery_temp,1605071771000000000,,Discharging,SWD,macos,6c328af026994ab5ae14d1eb27d92e2b,34
battery_temp,1605071786000000000,,Discharging,SWD,macos,6c328af026994ab5ae14d1eb27d92e2b,34
battery_temp,1605071800000000000,,Discharging,SWD,macos,6c328af026994ab5ae14d1eb27d92e2b,34
battery_temp,1605071814000000000,,Discharging,SWD,macos,6c328af026994ab5ae14d1eb27d92e2b,34
battery_temp,1605071828000000000,,Discharging,SWD,macos,6c328af026994ab5ae14d1eb27d92e2b,34
battery_temp,1605071842000000000,,Discharging,SWD,macos,6c328af026994ab5ae14d1eb27d92e2b,34
battery_temp,1605071856000000000,,Discharging,SWD,macos,6c328af026994ab5ae14d1eb27d92e2b,34
battery_temp,1605071870000000000,,Discharging,SWD,macos,6c328af026994ab5ae14d1eb27d92e2b,32.89
battery_temp,1605071884000000000,,Discharging,SWD,macos,6c328af026994ab5ae14d1eb27d92e2b,32.89
battery_temp,1605071899000000000,,Discharging,SWD,macos,6c328af026994ab5ae14d1eb27d92e2b,32.89
battery_temp,1605071913000000000,,Discharging,SWD,macos,6c328af026994ab5ae14d1eb27d92e2b,32.89
battery_temp,1605071927000000000,,Discharging,SWD,macos,6c328af026994ab5ae14d1eb27d92e2b,32.89
battery_temp,1605071941000000000,,Discharging,SWD,macos,6c328af026994ab5ae14d1eb27d92e2b,32.89
battery_temp,1605071955000000000,,Discharging,SWD,macos,6c328af026994ab5ae14d1eb27d92e2b,32.89
battery_temp,1605071968000000000,,Discharging,SWD,macos,6c328af026994ab5ae14d1eb27d92e2b,32.89
battery_temp,1605071983000000000,,Discharging,SWD,macos,6c328af026994ab5ae14d1eb27d92e2b,32.89
battery_temp,1605071997000000000,,Discharging,SWD,macos,6c328af026994ab5ae14d1eb27d92e2b,32.89
battery_temp,1605072011000000000,,Discharging,SWD,macos,6c328af026994ab5ae14d1eb27d92e2b,32.89
battery_temp,1605072025000000000,,Discharging,SWD,macos,6c328af026994ab5ae14d1eb27d92e2b,32.89
battery_temp,1605072039000000000,,Discharging,SWD,macos,6c328af026994ab5ae14d1eb27d92e2b,32.89
battery_temp,1605072053000000000,,Discharging,SWD,macos,6c328af026994ab5ae14d1eb27d92e2b,32.8
battery_temp,1605072067000000000,,Discharging,SWD,macos,6c328af026994ab5ae14d1eb27d92e2b,32.8
battery_temp,1605072081000000000,,Discharging,SWD,macos,6c328af026994ab5ae14d1eb27d92e2b,32.8
battery_temp,1605072096000000000,,Discharging,SWD,macos,6c328af026994ab5ae14d1eb27d92e2b,32.8
battery_temp,1605072111000000000,,Discharging,SWD,macos,6c328af026994ab5ae14d1eb27d92e2b,32.8
battery_temp,1605072127000000000,,Discharging,SWD,macos,6c328af026994ab5ae14d1eb27d92e2b,32.8
battery_temp,1605072142000000000,,Discharging,SWD,macos,6c328af026994ab5ae14d1eb27d92e2b,32.8
battery_temp,1605072158000000000,,Discharging,SWD,macos,6c328af026994ab5ae14d1eb27d92e2b,32.8
battery_temp,1605072174000000000,,Discharging,SWD,macos,6c328af026994ab5ae14d1eb27d92e2b,32.8
battery_temp,1605072189000000000,,Discharging,SWD,macos,6c328af026994ab5ae14d1eb27d92e2b,32.8
battery_temp,1605072205000000000,,Discharging,SWD,macos,6c328af026994ab5ae14d1eb27d92e2b,32.69
battery_temp,1605072221000000000,,Discharging,SWD,macos,6c328af026994ab5ae14d1eb27d92e2b,32.69
battery_temp,1605072237000000000,,Discharging,SWD,macos,6c328af026994ab5ae14d1eb27d92e2b,32.59
battery_temp,1605072253000000000,,Discharging,SWD,macos,6c328af026994ab5ae14d1eb27d92e2b,32.59
battery_temp,1605072269000000000,,Discharging,SWD,macos,6c328af026994ab5ae14d1eb27d92e2b,32.59
battery_temp,1605072285000000000,,Discharging,SWD,macos,6c328af026994ab5ae14d1eb27d92e2b,32.59
battery_temp,1605072301000000000,,Discharging,SWD,macos,6c328af026994ab5ae14d1eb27d92e2b,32.5
battery_temp,1605072317000000000,,Discharging,SWD,macos,6c328af026994ab5ae14d1eb27d92e2b,32.5
battery_temp,1605072332000000000,,Discharging,SWD,macos,6c328af026994ab5ae14d1eb27d92e2b,33.39
battery_temp,1605072348000000000,,Discharging,SWD,macos,6c328af026994ab5ae14d1eb27d92e2b,33.39
battery_temp,1605072363000000000,,Discharging,SWD,macos,6c328af026994ab5ae14d1eb27d92e2b,33.39
battery_temp,1605072379000000000,,Discharging,SWD,macos,6c328af026994ab5ae14d1eb27d92e2b,33.39
battery_temp,1605072394000000000,,Discharging,SWD,macos,6c328af026994ab5ae14d1eb27d92e2b,33.3
battery_temp,1605072410000000000,,Discharging,SWD,macos,6c328af026994ab5ae14d1eb27d92e2b,33.3
battery_temp,1605072426000000000,,Discharging,SWD,macos,6c328af026994ab5ae14d1eb27d92e2b,33.3
battery_temp,1605072441000000000,,Discharging,SWD,macos,6c328af026994ab5ae14d1eb27d92e2b,33.3
battery_temp,1605072457000000000,,Discharging,SWD,macos,6c328af026994ab5ae14d1eb27d92e2b,33.3
battery_temp,1605072473000000000,,Discharging,SWD,macos,6c328af026994ab5ae14d1eb27d92e2b,33.19
battery_temp,1605072489000000000,,Discharging,SWD,macos,6c328af026994ab5ae14d1eb27d92e2b,33.19
battery_temp,1605072504000000000,,Discharging,SWD,macos,6c328af026994ab5ae14d1eb27d92e2b,33.19
battery_temp,1605072520000000000,,Discharging,SWD,macos,6c328af026994ab5ae14d1eb27d92e2b,33.19
battery_temp,1605072536000000000,,Discharging,SWD,macos,6c328af026994ab5ae14d1eb27d92e2b,33.09
battery_temp,1605072552000000000,,Discharging,SWD,macos,6c328af026994ab5ae14d1eb27d92e2b,33.09
battery_temp,1605072567000000000,,Discharging,SWD,macos,6c328af026994ab5ae14d1eb27d92e2b,33.09
battery_temp,1605072583000000000,,Discharging,SWD,macos,6c328af026994ab5ae14d1eb27d92e2b,33.09
battery_temp,1605072598000000000,,Discharging,SWD,macos,6c328af026994ab5ae14d1eb27d92e2b,33
battery_temp,1605072614000000000,,Discharging,SWD,macos,6c328af026994ab5ae14d1eb27d92e2b,33
battery_temp,1605072629000000000,,Discharging,SWD,macos,6c328af026994ab5ae14d1eb27d92e2b,33
battery_temp,1605072645000000000,,Discharging,SWD,macos,6c328af026994ab5ae14d1eb27d92e2b,33
battery_temp,1605072661000000000,,Discharging,SWD,macos,6c328af026994ab5ae14d1eb27d92e2b,33
battery_temp,1605072677000000000,,Discharging,SWD,macos,6c328af026994ab5ae14d1eb27d92e2b,31.89
battery_temp,1605072692000000000,,Discharging,SWD,macos,6c328af026994ab5ae14d1eb27d92e2b,31.89
battery_temp,1605072708000000000,,Discharging,SWD,macos,6c328af026994ab5ae14d1eb27d92e2b,31.89
battery_temp,1605072724000000000,,Discharging,SWD,macos,6c328af026994ab5ae14d1eb27d92e2b,31.89
battery_temp,1605072740000000000,,Discharging,SWD,macos,6c328af026994ab5ae14d1eb27d92e2b,31.89
battery_temp,1605072755000000000,,Discharging,SWD,macos,6c328af026994ab5ae14d1eb27d92e2b,31.89
battery_temp,1605072772000000000,,Discharging,SWD,macos,6c328af026994ab5ae14d1eb27d92e2b,31.89
battery_temp,1605072788000000000,,Discharging,SWD,macos,6c328af026994ab5ae14d1eb27d92e2b,31.8
battery_temp,1605072803000000000,,Discharging,SWD,macos,6c328af026994ab5ae14d1eb27d92e2b,31.8
battery_temp,1605072819000000000,,Discharging,SWD,macos,6c328af026994ab5ae14d1eb27d92e2b,31.8
battery_temp,1605072835000000000,,Discharging,SWD,macos,6c328af026994ab5ae14d1eb27d92e2b,31.8
battery_temp,1605072851000000000,,Discharging,SWD,macos,6c328af026994ab5ae14d1eb27d92e2b,31.8
battery_temp,1605072866000000000,,Discharging,SWD,macos,6c328af026994ab5ae14d1eb27d92e2b,31.8
battery_temp,1605072882000000000,,Discharging,SWD,macos,6c328af026994ab5ae14d1eb27d92e2b,31.8
battery_temp,1605072897000000000,,Discharging,SWD,macos,6c328af026994ab5ae14d1eb27d92e2b,31.8
battery_temp,1605072912000000000,,Discharging,SWD,macos,6c328af026994ab5ae14d1eb27d92e2b,31.8
battery_temp,1605072928000000000,,Discharging,SWD,macos,6c328af026994ab5ae14d1eb27d92e2b,31.8
battery_temp,1605072944000000000,,Discharging,SWD,macos,6c328af026994ab5ae14d1eb27d92e2b,31.69
battery_temp,1605072960000000000,,Discharging,SWD,macos,6c328af026994ab5ae14d1eb27d92e2b,31.69
battery_temp,1605072976000000000,,Discharging,SWD,macos,6c328af026994ab5ae14d1eb27d92e2b,31.69
battery_temp,1605072992000000000,,Discharging,SWD,macos,6c328af026994ab5ae14d1eb27d92e2b,31.69
battery_temp,1605073007000000000,,Discharging,SWD,macos,6c328af026994ab5ae14d1eb27d92e2b,31.69
battery_temp,1605073023000000000,,Discharging,SWD,macos,6c328af026994ab5ae14d1eb27d92e2b,31.69
battery_temp,1605073038000000000,,Discharging,SWD,macos,6c328af026994ab5ae14d1eb27d92e2b,31.69
battery_temp,1605073054000000000,,Discharging,SWD,macos,6c328af026994ab5ae14d1eb27d92e2b,31.69
battery_temp,1605073070000000000,,Discharging,SWD,macos,6c328af026994ab5ae14d1eb27d92e2b,31.69
battery_temp,1605073086000000000,,Discharging,SWD,macos,6c328af026994ab5ae14d1eb27d92e2b,31.69
battery_temp,1605073101000000000,,Discharging,SWD,macos,6c328af026994ab5ae14d1eb27d92e2b,31.69
battery_temp,1605073117000000000,,Discharging,SWD,macos,6c328af026994ab5ae14d1eb27d92e2b,31.69
battery_temp,1605073133000000000,,Discharging,SWD,macos,6c328af026994ab5ae14d1eb27d92e2b,31.69
battery_temp,1605079522000000000,,Discharging,SWD,macos,13370f11455f4f36a0680b9725189375,20.59
battery_temp,1605084628000000000,,Charging,SWD,macos,6c328af026994ab5ae14d1eb27d92e2b,19.5
battery_temp,1605084644000000000,,Charging,SWD,macos,6c328af026994ab5ae14d1eb27d92e2b,19.89
battery_temp,1605084659000000000,,Charging,SWD,macos,6c328af026994ab5ae14d1eb27d92e2b,21.39
battery_temp,1605084675000000000,,Charging,SWD,macos,6c328af026994ab5ae14d1eb27d92e2b,20.8
battery_temp,1605084693000000000,,Charging,SWD,macos,6c328af026994ab5ae14d1eb27d92e2b,22.19
battery_temp,1605084709000000000,,Charging,SWD,macos,6c328af026994ab5ae14d1eb27d92e2b,21.59
battery_temp,1605084725000000000,,Charging,SWD,macos,6c328af026994ab5ae14d1eb27d92e2b,23
battery_temp,1605084740000000000,,Charging,SWD,macos,6c328af026994ab5ae14d1eb27d92e2b,23.3
battery_temp,1605084757000000000,,Charging,SWD,macos,6c328af026994ab5ae14d1eb27d92e2b,22.69
battery_temp,1605084774000000000,,Charging,SWD,macos,6c328af026994ab5ae14d1eb27d92e2b,24
battery_temp,1605084790000000000,,Charging,SWD,macos,6c328af026994ab5ae14d1eb27d92e2b,24.39
battery_temp,1605084807000000000,,Charging,SWD,macos,6c328af026994ab5ae14d1eb27d92e2b,23.69
battery_temp,1605084822000000000,,Charging,SWD,macos,6c328af026994ab5ae14d1eb27d92e2b,23.89
battery_temp,1605084837000000000,,Charging,SWD,macos,6c328af026994ab5ae14d1eb27d92e2b,25.19
battery_temp,1605084852000000000,,Charging,SWD,macos,6c328af026994ab5ae14d1eb27d92e2b,25.39
battery_temp,1605084868000000000,,Charging,SWD,macos,6c328af026994ab5ae14d1eb27d92e2b,24.59
battery_temp,1605084883000000000,,Charging,SWD,macos,6c328af026994ab5ae14d1eb27d92e2b,24.8
battery_temp,1605084898000000000,,Charging,SWD,macos,6c328af026994ab5ae14d1eb27d92e2b,24.89
battery_temp,1605084915000000000,,Charging,SWD,macos,6c328af026994ab5ae14d1eb27d92e2b,26.09
battery_temp,1605084928000000000,,Charging,SWD,macos,6c328af026994ab5ae14d1eb27d92e2b,26.19
battery_temp,1605084942000000000,,Charging,SWD,macos,6c328af026994ab5ae14d1eb27d92e2b,26.3
battery_temp,1605084956000000000,,Charging,SWD,macos,6c328af026994ab5ae14d1eb27d92e2b,26.39
battery_temp,1605084970000000000,,Charging,SWD,macos,6c328af026994ab5ae14d1eb27d92e2b,25.59
battery_temp,1605084983000000000,,Charging,SWD,macos,6c328af026994ab5ae14d1eb27d92e2b,25.69
battery_temp,1605084997000000000,,Charging,SWD,macos,6c328af026994ab5ae14d1eb27d92e2b,25.8
battery_temp,1605085011000000000,,Charging,SWD,macos,6c328af026994ab5ae14d1eb27d92e2b,27
battery_temp,1605085024000000000,,Charging,SWD,macos,6c328af026994ab5ae14d1eb27d92e2b,27.09
battery_temp,1605085038000000000,,Charging,SWD,macos,6c328af026994ab5ae14d1eb27d92e2b,27.19
battery_temp,1605085052000000000,,Charging,SWD,macos,6c328af026994ab5ae14d1eb27d92e2b,27.3
battery_temp,1605085066000000000,,Charging,SWD,macos,6c328af026994ab5ae14d1eb27d92e2b,26.5
battery_temp,1605085080000000000,,Charging,SWD,macos,6c328af026994ab5ae14d1eb27d92e2b,26.69
battery_temp,1605085093000000000,,Charging,SWD,macos,6c328af026994ab5ae14d1eb27d92e2b,26.8
battery_temp,1605085107000000000,,Charging,SWD,macos,6c328af026994ab5ae14d1eb27d92e2b,28
battery_temp,1605085121000000000,,Charging,SWD,macos,6c328af026994ab5ae14d1eb27d92e2b,28.09
battery_temp,1605085134000000000,,Charging,SWD,macos,6c328af026994ab5ae14d1eb27d92e2b,28.19
battery_temp,1605085148000000000,,Charging,SWD,macos,6c328af026994ab5ae14d1eb27d92e2b,28.3
battery_temp,1605085162000000000,,Charging,SWD,macos,6c328af026994ab5ae14d1eb27d92e2b,27.5
battery_temp,1605085175000000000,,Charging,SWD,macos,6c328af026994ab5ae14d1eb27d92e2b,27.59
battery_temp,1605085189000000000,,Charging,SWD,macos,6c328af026994ab5ae14d1eb27d92e2b,27.69
battery_temp,1605085203000000000,,Charging,SWD,macos,6c328af026994ab5ae14d1eb27d92e2b,27.8
battery_temp,1605085217000000000,,Charging,SWD,macos,6c328af026994ab5ae14d1eb27d92e2b,27.89
battery_temp,1605085231000000000,,Charging,SWD,macos,6c328af026994ab5ae14d1eb27d92e2b,29
battery_temp,1605085244000000000,,Charging,SWD,macos,6c328af026994ab5ae14d1eb27d92e2b,29.09
battery_temp,1605085258000000000,,Charging,SWD,macos,6c328af026994ab5ae14d1eb27d92e2b,29.19
battery_temp,1605085272000000000,,Charging,SWD,macos,6c328af026994ab5ae14d1eb27d92e2b,29.3
battery_temp,1605085286000000000,,Charging,SWD,macos,6c328af026994ab5ae14d1eb27d92e2b,29.09
battery_temp,1605085299000000000,,Charging,SWD,macos,6c328af026994ab5ae14d1eb27d92e2b,29.09
battery_temp,1605085313000000000,,Charging,SWD,macos,6c328af026994ab5ae14d1eb27d92e2b,29.09
battery_temp,1605085327000000000,,Charging,SWD,macos,6c328af026994ab5ae14d1eb27d92e2b,29.09
battery_temp,1605085340000000000,,Charging,SWD,macos,6c328af026994ab5ae14d1eb27d92e2b,29.19
battery_temp,1605085354000000000,,Charging,SWD,macos,6c328af026994ab5ae14d1eb27d92e2b,29.39
battery_temp,1605085368000000000,,Charging,SWD,macos,6c328af026994ab5ae14d1eb27d92e2b,28.5
battery_temp,1605085383000000000,,Charging,SWD,macos,6c328af026994ab5ae14d1eb27d92e2b,28.8
battery_temp,1605085397000000000,,Charging,SWD,macos,6c328af026994ab5ae14d1eb27d92e2b,30.19
battery_temp,1605085411000000000,,Charging,SWD,macos,6c328af026994ab5ae14d1eb27d92e2b,29.59
battery_temp,1605085424000000000,,Charging,SWD,macos,6c328af026994ab5ae14d1eb27d92e2b,29.89
battery_temp,1605085438000000000,,Charging,SWD,macos,6c328af026994ab5ae14d1eb27d92e2b,31.09
battery_temp,1605085452000000000,,Charging,SWD,macos,6c328af026994ab5ae14d1eb27d92e2b,31.39
battery_temp,1605085466000000000,,Charging,SWD,macos,6c328af026994ab5ae14d1eb27d92e2b,31.39
battery_temp,1605085480000000000,,Charging,SWD,macos,6c328af026994ab5ae14d1eb27d92e2b,31.39
battery_temp,1605085494000000000,,Charging,SWD,macos,6c328af026994ab5ae14d1eb27d92e2b,30.5
battery_temp,1605085509000000000,,Charging,SWD,macos,6c328af026994ab5ae14d1eb27d92e2b,30.8
battery_temp,1605085523000000000,,Charging,SWD,macos,6c328af026994ab5ae14d1eb27d92e2b,30.8
battery_temp,1605085538000000000,,Charging,SWD,macos,6c328af026994ab5ae14d1eb27d92e2b,30.8
battery_temp,1605085551000000000,,Charging,SWD,macos,6c328af026994ab5ae14d1eb27d92e2b,32.09
battery_temp,1605085565000000000,,Charging,SWD,macos,6c328af026994ab5ae14d1eb27d92e2b,32.3
battery_temp,1605085579000000000,,Charging,SWD,macos,6c328af026994ab5ae14d1eb27d92e2b,31.5
battery_temp,1605085593000000000,,Charging,SWD,macos,6c328af026994ab5ae14d1eb27d92e2b,31.5
battery_temp,1605085608000000000,,Charging,SWD,macos,6c328af026994ab5ae14d1eb27d92e2b,32.39
battery_temp,1605085622000000000,,Charging,SWD,macos,6c328af026994ab5ae14d1eb27d92e2b,31.5
battery_temp,1605085636000000000,,Charging,SWD,macos,6c328af026994ab5ae14d1eb27d92e2b,31.8
battery_temp,1605085650000000000,,Charging,SWD,macos,6c328af026994ab5ae14d1eb27d92e2b,33.09
battery_temp,1605085664000000000,,Charging,SWD,macos,6c328af026994ab5ae14d1eb27d92e2b,33.3
battery_temp,1605085678000000000,,Charging,SWD,macos,6c328af026994ab5ae14d1eb27d92e2b,32.5
battery_temp,1605085692000000000,,Charging,SWD,macos,6c328af026994ab5ae14d1eb27d92e2b,32.59
battery_temp,1605085707000000000,,Charging,SWD,macos,6c328af026994ab5ae14d1eb27d92e2b,32.8
battery_temp,1605085721000000000,,Charging,SWD,macos,6c328af026994ab5ae14d1eb27d92e2b,32.8
battery_temp,1605085735000000000,,Charging,SWD,macos,6c328af026994ab5ae14d1eb27d92e2b,34
battery_temp,1605085749000000000,,Charging,SWD,macos,6c328af026994ab5ae14d1eb27d92e2b,34
battery_temp,1605085762000000000,,Charging,SWD,macos,13370f11455f4f36a0680b9725189375,22.19
battery_temp,1605085763000000000,,Charging,SWD,macos,6c328af026994ab5ae14d1eb27d92e2b,34.09
battery_temp,1605085777000000000,,Charging,SWD,macos,6c328af026994ab5ae14d1eb27d92e2b,32.89
battery_temp,1605085791000000000,,Charging,SWD,macos,6c328af026994ab5ae14d1eb27d92e2b,32.89
battery_temp,1605085805000000000,,Charging,SWD,macos,6c328af026994ab5ae14d1eb27d92e2b,34
battery_temp,1605085819000000000,,Charging,SWD,macos,6c328af026994ab5ae14d1eb27d92e2b,34.19
battery_temp,1605085824000000000,,Charging,SWD,macos,13370f11455f4f36a0680b9725189375,21.69
battery_temp,1605085834000000000,,Charging,SWD,macos,6c328af026994ab5ae14d1eb27d92e2b,34.39
battery_temp,1605085848000000000,,Charging,SWD,macos,6c328af026994ab5ae14d1eb27d92e2b,33.5
battery_temp,1605085863000000000,,Charging,SWD,macos,6c328af026994ab5ae14d1eb27d92e2b,34.39
battery_temp,1605085874000000000,,Charging,SWD,macos,13370f11455f4f36a0680b9725189375,23.3
battery_temp,1605085877000000000,,Charging,SWD,macos,6c328af026994ab5ae14d1eb27d92e2b,34.39
battery_temp,1605085889000000000,,Charging,SWD,macos,13370f11455f4f36a0680b9725189375,22.5
battery_temp,1605085891000000000,,Charging,SWD,macos,6c328af026994ab5ae14d1eb27d92e2b,33.59
battery_temp,1605085903000000000,,Charging,SWD,macos,13370f11455f4f36a0680b9725189375,22.69
battery_temp,1605085905000000000,,Charging,SWD,macos,6c328af026994ab5ae14d1eb27d92e2b,33.69
battery_temp,1605085918000000000,,Charging,SWD,macos,13370f11455f4f36a0680b9725189375,24.09
battery_temp,1605085919000000000,,Charging,SWD,macos,6c328af026994ab5ae14d1eb27d92e2b,33.69
battery_temp,1605085932000000000,,Charging,SWD,macos,13370f11455f4f36a0680b9725189375,23.59
battery_temp,1605085932000000000,,Charging,SWD,macos,6c328af026994ab5ae14d1eb27d92e2b,33.69
battery_temp,1605085946000000000,,Charging,SWD,macos,13370f11455f4f36a0680b9725189375,25
battery_temp,1605085946000000000,,Charging,SWD,macos,6c328af026994ab5ae14d1eb27d92e2b,33.8
battery_temp,1605085960000000000,,Charging,SWD,macos,13370f11455f4f36a0680b9725189375,25.39
battery_temp,1605085961000000000,,Charging,SWD,macos,6c328af026994ab5ae14d1eb27d92e2b,35
battery_temp,1605085974000000000,,Charging,SWD,macos,13370f11455f4f36a0680b9725189375,24.8
battery_temp,1605085975000000000,,Charging,SWD,macos,6c328af026994ab5ae14d1eb27d92e2b,35.3
battery_temp,1605085988000000000,,Charging,SWD,macos,13370f11455f4f36a0680b9725189375,26.09
battery_temp,1605085989000000000,,Charging,SWD,macos,6c328af026994ab5ae14d1eb27d92e2b,34.5
battery_temp,1605086002000000000,,Charging,SWD,macos,13370f11455f4f36a0680b9725189375,26.39
battery_temp,1605086002000000000,,Charging,SWD,macos,6c328af026994ab5ae14d1eb27d92e2b,34.69
battery_temp,1605086016000000000,,Charging,SWD,macos,13370f11455f4f36a0680b9725189375,25.59
battery_temp,1605086016000000000,,Charging,SWD,macos,6c328af026994ab5ae14d1eb27d92e2b,34.8
battery_temp,1605086030000000000,,Charging,SWD,macos,13370f11455f4f36a0680b9725189375,25.8
battery_temp,1605086030000000000,,Charging,SWD,macos,6c328af026994ab5ae14d1eb27d92e2b,34.89
battery_temp,1605086044000000000,,Charging,SWD,macos,6c328af026994ab5ae14d1eb27d92e2b,34.89
battery_temp,1605086045000000000,,Charging,SWD,macos,13370f11455f4f36a0680b9725189375,27
battery_temp,1605086057000000000,,Charging,SWD,macos,6c328af026994ab5ae14d1eb27d92e2b,36
battery_temp,1605086059000000000,,Charging,SWD,macos,13370f11455f4f36a0680b9725189375,27.09
battery_temp,1605086071000000000,,Charging,SWD,macos,6c328af026994ab5ae14d1eb27d92e2b,34.69
battery_temp,1605086073000000000,,Charging,SWD,macos,13370f11455f4f36a0680b9725189375,27.3
battery_temp,1605086085000000000,,Charging,SWD,macos,6c328af026994ab5ae14d1eb27d92e2b,34.69
battery_temp,1605086087000000000,,Charging,SWD,macos,13370f11455f4f36a0680b9725189375,26.5
battery_temp,1605086098000000000,,Charging,SWD,macos,6c328af026994ab5ae14d1eb27d92e2b,34.69
battery_temp,1605086101000000000,,Charging,SWD,macos,13370f11455f4f36a0680b9725189375,26.8
battery_temp,1605086112000000000,,Charging,SWD,macos,6c328af026994ab5ae14d1eb27d92e2b,34.8
battery_temp,1605086115000000000,,Charging,SWD,macos,13370f11455f4f36a0680b9725189375,28
battery_temp,1605086126000000000,,Charging,SWD,macos,6c328af026994ab5ae14d1eb27d92e2b,34.89
battery_temp,1605086130000000000,,Charging,SWD,macos,13370f11455f4f36a0680b9725189375,28.19
battery_temp,1605086140000000000,,Charging,SWD,macos,6c328af026994ab5ae14d1eb27d92e2b,36
battery_temp,1605086144000000000,,Charging,SWD,macos,13370f11455f4f36a0680b9725189375,28.39
battery_temp,1605086153000000000,,Charging,SWD,macos,6c328af026994ab5ae14d1eb27d92e2b,36
battery_temp,1605086158000000000,,Charging,SWD,macos,13370f11455f4f36a0680b9725189375,27.5
battery_temp,1605086167000000000,,Charging,SWD,macos,6c328af026994ab5ae14d1eb27d92e2b,36
battery_temp,1605086172000000000,,Charging,SWD,macos,13370f11455f4f36a0680b9725189375,27.69
battery_temp,1605086181000000000,,Charging,SWD,macos,6c328af026994ab5ae14d1eb27d92e2b,36.09
battery_temp,1605086186000000000,,Charging,SWD,macos,13370f11455f4f36a0680b9725189375,27.8
battery_temp,1605086195000000000,,Charging,SWD,macos,6c328af026994ab5ae14d1eb27d92e2b,36.09
battery_temp,1605086200000000000,,Charging,SWD,macos,13370f11455f4f36a0680b9725189375,27.89
battery_temp,1605086209000000000,,Charging,SWD,macos,6c328af026994ab5ae14d1eb27d92e2b,36.09
battery_temp,1605086215000000000,,Charging,SWD,macos,13370f11455f4f36a0680b9725189375,29
battery_temp,1605086223000000000,,Charging,SWD,macos,6c328af026994ab5ae14d1eb27d92e2b,36.09
battery_temp,1605086229000000000,,Charging,SWD,macos,13370f11455f4f36a0680b9725189375,29.09
battery_temp,1605086237000000000,,Charging,SWD,macos,6c328af026994ab5ae14d1eb27d92e2b,34.89
battery_temp,1605086243000000000,,Charging,SWD,macos,13370f11455f4f36a0680b9725189375,29.19
battery_temp,1605086251000000000,,Charging,SWD,macos,6c328af026994ab5ae14d1eb27d92e2b,34.8
battery_temp,1605086257000000000,,Charging,SWD,macos,13370f11455f4f36a0680b9725189375,29.3
battery_temp,1605086265000000000,,Charging,SWD,macos,6c328af026994ab5ae14d1eb27d92e2b,34.89
battery_temp,1605086272000000000,,Charging,SWD,macos,13370f11455f4f36a0680b9725189375,29.39
battery_temp,1605086279000000000,,Charging,SWD,macos,6c328af026994ab5ae14d1eb27d92e2b,34.89
battery_temp,1605086287000000000,,Charging,SWD,macos,13370f11455f4f36a0680b9725189375,28.5
battery_temp,1605086293000000000,,Charging,SWD,macos,6c328af026994ab5ae14d1eb27d92e2b,34.89
battery_temp,1605086302000000000,,Charging,SWD,macos,13370f11455f4f36a0680b9725189375,28.59
battery_temp,1605086307000000000,,Charging,SWD,macos,6c328af026994ab5ae14d1eb27d92e2b,36.19
battery_temp,1605086316000000000,,Charging,SWD,macos,13370f11455f4f36a0680b9725189375,28.69
battery_temp,1605086321000000000,,Charging,SWD,macos,6c328af026994ab5ae14d1eb27d92e2b,36.39
battery_temp,1605086330000000000,,Charging,SWD,macos,13370f11455f4f36a0680b9725189375,28.69
battery_temp,1605086335000000000,,Charging,SWD,macos,6c328af026994ab5ae14d1eb27d92e2b,35.59
battery_temp,1605086344000000000,,Charging,SWD,macos,13370f11455f4f36a0680b9725189375,28.8
battery_temp,1605086349000000000,,Charging,SWD,macos,6c328af026994ab5ae14d1eb27d92e2b,35.69
battery_temp,1605086358000000000,,Charging,SWD,macos,13370f11455f4f36a0680b9725189375,28.89
battery_temp,1605086363000000000,,Charging,SWD,macos,6c328af026994ab5ae14d1eb27d92e2b,35.5
battery_temp,1605086372000000000,,Charging,SWD,macos,13370f11455f4f36a0680b9725189375,30
battery_temp,1605086377000000000,,Charging,SWD,macos,6c328af026994ab5ae14d1eb27d92e2b,35.5
battery_temp,1605086386000000000,,Charging,SWD,macos,13370f11455f4f36a0680b9725189375,30.09
battery_temp,1605086391000000000,,Charging,SWD,macos,6c328af026994ab5ae14d1eb27d92e2b,35.59
battery_temp,1605086401000000000,,Charging,SWD,macos,13370f11455f4f36a0680b9725189375,30.09
battery_temp,1605086405000000000,,Charging,SWD,macos,6c328af026994ab5ae14d1eb27d92e2b,35.69
battery_temp,1605086415000000000,,Charging,SWD,macos,13370f11455f4f36a0680b9725189375,30.19
battery_temp,1605086419000000000,,Charging,SWD,macos,6c328af026994ab5ae14d1eb27d92e2b,35.59
battery_temp,1605086430000000000,,Charging,SWD,macos,13370f11455f4f36a0680b9725189375,30.3
battery_temp,1605086433000000000,,Charging,SWD,macos,6c328af026994ab5ae14d1eb27d92e2b,35.69
battery_temp,1605086444000000000,,Charging,SWD,macos,13370f11455f4f36a0680b9725189375,30.3
battery_temp,1605086446000000000,,Charging,SWD,macos,6c328af026994ab5ae14d1eb27d92e2b,35.89
battery_temp,1605086458000000000,,Charging,SWD,macos,13370f11455f4f36a0680b9725189375,30.39
battery_temp,1605086460000000000,,Charging,SWD,macos,6c328af026994ab5ae14d1eb27d92e2b,37.09
battery_temp,1605086473000000000,,Charging,SWD,macos,13370f11455f4f36a0680b9725189375,29.5
battery_temp,1605086474000000000,,Charging,SWD,macos,6c328af026994ab5ae14d1eb27d92e2b,37.09
battery_temp,1605086488000000000,,Charging,SWD,macos,13370f11455f4f36a0680b9725189375,29.69
battery_temp,1605086488000000000,,Charging,SWD,macos,6c328af026994ab5ae14d1eb27d92e2b,37
battery_temp,1605086502000000000,,Charging,SWD,macos,13370f11455f4f36a0680b9725189375,29.8
battery_temp,1605086502000000000,,Charging,SWD,macos,6c328af026994ab5ae14d1eb27d92e2b,37.3
battery_temp,1605086516000000000,,Charging,SWD,macos,13370f11455f4f36a0680b9725189375,31
battery_temp,1605086516000000000,,Charging,SWD,macos,6c328af026994ab5ae14d1eb27d92e2b,36.5
battery_temp,1605086530000000000,,Charging,SWD,macos,13370f11455f4f36a0680b9725189375,31.09
battery_temp,1605086530000000000,,Charging,SWD,macos,6c328af026994ab5ae14d1eb27d92e2b,36.59
battery_temp,1605086544000000000,,Charging,SWD,macos,6c328af026994ab5ae14d1eb27d92e2b,36.8
battery_temp,1605086545000000000,,Charging,SWD,macos,13370f11455f4f36a0680b9725189375,31.3
battery_temp,1605086558000000000,,Charging,SWD,macos,6c328af026994ab5ae14d1eb27d92e2b,36.8
battery_temp,1605086559000000000,,Charging,SWD,macos,13370f11455f4f36a0680b9725189375,31.39
battery_temp,1605086572000000000,,Charging,SWD,macos,6c328af026994ab5ae14d1eb27d92e2b,36.69
battery_temp,1605086573000000000,,Charging,SWD,macos,13370f11455f4f36a0680b9725189375,30.5
battery_temp,1605086586000000000,,Charging,SWD,macos,6c328af026994ab5ae14d1eb27d92e2b,36.69
battery_temp,1605086587000000000,,Charging,SWD,macos,13370f11455f4f36a0680b9725189375,30.5
battery_temp,1605086600000000000,,Charging,SWD,macos,6c328af026994ab5ae14d1eb27d92e2b,36.89
battery_temp,1605086601000000000,,Charging,SWD,macos,13370f11455f4f36a0680b9725189375,30.59
battery_temp,1605086614000000000,,Charging,SWD,macos,6c328af026994ab5ae14d1eb27d92e2b,38.09
battery_temp,1605086615000000000,,Charging,SWD,macos,13370f11455f4f36a0680b9725189375,30.69
battery_temp,1605086628000000000,,Charging,SWD,macos,6c328af026994ab5ae14d1eb27d92e2b,38.19
battery_temp,1605086629000000000,,Charging,SWD,macos,13370f11455f4f36a0680b9725189375,30.69
battery_temp,1605086641000000000,,Charging,SWD,macos,6c328af026994ab5ae14d1eb27d92e2b,38.3
battery_temp,1605086643000000000,,Charging,SWD,macos,13370f11455f4f36a0680b9725189375,30.8
battery_temp,1605086655000000000,,Charging,SWD,macos,6c328af026994ab5ae14d1eb27d92e2b,38.3
battery_temp,1605086657000000000,,Charging,SWD,macos,13370f11455f4f36a0680b9725189375,30.8
battery_temp,1605086669000000000,,Charging,SWD,macos,6c328af026994ab5ae14d1eb27d92e2b,38
battery_temp,1605086671000000000,,Charging,SWD,macos,13370f11455f4f36a0680b9725189375,30.89
battery_temp,1605086683000000000,,Charging,SWD,macos,6c328af026994ab5ae14d1eb27d92e2b,36.89
battery_temp,1605086685000000000,,Charging,SWD,macos,13370f11455f4f36a0680b9725189375,30.89
battery_temp,1605086696000000000,,Charging,SWD,macos,6c328af026994ab5ae14d1eb27d92e2b,36.89
battery_temp,1605086699000000000,,Charging,SWD,macos,13370f11455f4f36a0680b9725189375,32
battery_temp,1605086710000000000,,Charging,SWD,macos,6c328af026994ab5ae14d1eb27d92e2b,38
battery_temp,1605086713000000000,,Charging,SWD,macos,13370f11455f4f36a0680b9725189375,32.09
battery_temp,1605086724000000000,,Charging,SWD,macos,6c328af026994ab5ae14d1eb27d92e2b,38.09
battery_temp,1605086727000000000,,Charging,SWD,macos,13370f11455f4f36a0680b9725189375,32.19
battery_temp,1605086738000000000,,Charging,SWD,macos,6c328af026994ab5ae14d1eb27d92e2b,38.19
battery_temp,1605086741000000000,,Charging,SWD,macos,13370f11455f4f36a0680b9725189375,32.3
battery_temp,1605086752000000000,,Charging,SWD,macos,6c328af026994ab5ae14d1eb27d92e2b,38.19
battery_temp,1605086755000000000,,Charging,SWD,macos,13370f11455f4f36a0680b9725189375,32.39
battery_temp,1605086766000000000,,Charging,SWD,macos,6c328af026994ab5ae14d1eb27d92e2b,38.3
battery_temp,1605086769000000000,,Charging,SWD,macos,13370f11455f4f36a0680b9725189375,31.5
battery_temp,1605086780000000000,,Charging,SWD,macos,6c328af026994ab5ae14d1eb27d92e2b,38.3
battery_temp,1605086783000000000,,Charging,SWD,macos,13370f11455f4f36a0680b9725189375,31.59
battery_temp,1605086794000000000,,Charging,SWD,macos,6c328af026994ab5ae14d1eb27d92e2b,38.3
battery_temp,1605086797000000000,,Charging,SWD,macos,13370f11455f4f36a0680b9725189375,31.8
battery_temp,1605086808000000000,,Charging,SWD,macos,6c328af026994ab5ae14d1eb27d92e2b,38.39
battery_temp,1605086811000000000,,Charging,SWD,macos,13370f11455f4f36a0680b9725189375,31.89
battery_temp,1605086822000000000,,Charging,SWD,macos,6c328af026994ab5ae14d1eb27d92e2b,38.39
battery_temp,1605086826000000000,,Charging,SWD,macos,13370f11455f4f36a0680b9725189375,33
battery_temp,1605086836000000000,,Charging,SWD,macos,6c328af026994ab5ae14d1eb27d92e2b,38.39
battery_temp,1605086840000000000,,Charging,SWD,macos,13370f11455f4f36a0680b9725189375,33.19
battery_temp,1605086850000000000,,Charging,SWD,macos,6c328af026994ab5ae14d1eb27d92e2b,38.39
battery_temp,1605086854000000000,,Charging,SWD,macos,13370f11455f4f36a0680b9725189375,33.3
battery_temp,1605086864000000000,,Charging,SWD,macos,6c328af026994ab5ae14d1eb27d92e2b,38.39
battery_temp,1605086868000000000,,Charging,SWD,macos,13370f11455f4f36a0680b9725189375,32.5
battery_temp,1605086877000000000,,Charging,SWD,macos,6c328af026994ab5ae14d1eb27d92e2b,38.39
battery_temp,1605086882000000000,,Charging,SWD,macos,13370f11455f4f36a0680b9725189375,32.59
battery_temp,1605086892000000000,,Charging,SWD,macos,6c328af026994ab5ae14d1eb27d92e2b,38.39
battery_temp,1605086896000000000,,Charging,SWD,macos,13370f11455f4f36a0680b9725189375,32.8
battery_temp,1605086906000000000,,Charging,SWD,macos,6c328af026994ab5ae14d1eb27d92e2b,38.39
battery_temp,1605086910000000000,,Charging,SWD,macos,13370f11455f4f36a0680b9725189375,32.89
battery_temp,1605086920000000000,,Charging,SWD,macos,6c328af026994ab5ae14d1eb27d92e2b,37.5
battery_temp,1605086924000000000,,Charging,SWD,macos,13370f11455f4f36a0680b9725189375,32.89
battery_temp,1605086934000000000,,Charging,SWD,macos,6c328af026994ab5ae14d1eb27d92e2b,37.5
battery_temp,1605086938000000000,,Charging,SWD,macos,13370f11455f4f36a0680b9725189375,34
battery_temp,1605086947000000000,,Charging,SWD,macos,6c328af026994ab5ae14d1eb27d92e2b,37.5
battery_temp,1605086952000000000,,Charging,SWD,macos,13370f11455f4f36a0680b9725189375,34
battery_temp,1605086961000000000,,Charging,SWD,macos,6c328af026994ab5ae14d1eb27d92e2b,37.5
battery_temp,1605086967000000000,,Charging,SWD,macos,13370f11455f4f36a0680b9725189375,34.09
battery_temp,1605086975000000000,,Charging,SWD,macos,6c328af026994ab5ae14d1eb27d92e2b,38.39
battery_temp,1605086981000000000,,Charging,SWD,macos,13370f11455f4f36a0680b9725189375,34.09
battery_temp,1605086989000000000,,Charging,SWD,macos,6c328af026994ab5ae14d1eb27d92e2b,38.19
battery_temp,1605086995000000000,,Charging,SWD,macos,13370f11455f4f36a0680b9725189375,34.09
battery_temp,1605087002000000000,,Charging,SWD,macos,6c328af026994ab5ae14d1eb27d92e2b,38.19
battery_temp,1605087009000000000,,Charging,SWD,macos,13370f11455f4f36a0680b9725189375,34.09
battery_temp,1605087017000000000,,Charging,SWD,macos,6c328af026994ab5ae14d1eb27d92e2b,38.3
battery_temp,1605087024000000000,,Charging,SWD,macos,13370f11455f4f36a0680b9725189375,34.09
battery_temp,1605087032000000000,,Charging,SWD,macos,6c328af026994ab5ae14d1eb27d92e2b,38.3
battery_temp,1605087038000000000,,Charging,SWD,macos,13370f11455f4f36a0680b9725189375,34.09
battery_temp,1605087046000000000,,Charging,SWD,macos,6c328af026994ab5ae14d1eb27d92e2b,38.3
battery_temp,1605087052000000000,,Charging,SWD,macos,13370f11455f4f36a0680b9725189375,34.09
battery_temp,1605087060000000000,,Charging,SWD,macos,6c328af026994ab5ae14d1eb27d92e2b,37.59
battery_temp,1605087066000000000,,Charging,SWD,macos,13370f11455f4f36a0680b9725189375,34.09
battery_temp,1605087073000000000,,Charging,SWD,macos,6c328af026994ab5ae14d1eb27d92e2b,37.69
battery_temp,1605087080000000000,,Charging,SWD,macos,13370f11455f4f36a0680b9725189375,34.09
battery_temp,1605087087000000000,,Charging,SWD,macos,6c328af026994ab5ae14d1eb27d92e2b,37.8
battery_temp,1605087095000000000,,Charging,SWD,macos,13370f11455f4f36a0680b9725189375,34
battery_temp,1605087101000000000,,Charging,SWD,macos,6c328af026994ab5ae14d1eb27d92e2b,37.8
battery_temp,1605087114000000000,,Charging,SWD,macos,13370f11455f4f36a0680b9725189375,34
battery_temp,1605087114000000000,,Charging,SWD,macos,6c328af026994ab5ae14d1eb27d92e2b,37.59
battery_temp,1605087127000000000,,Charging,SWD,macos,13370f11455f4f36a0680b9725189375,34.09
battery_temp,1605087130000000000,,Charging,SWD,macos,6c328af026994ab5ae14d1eb27d92e2b,37.59
battery_temp,1605087141000000000,,Charging,SWD,macos,13370f11455f4f36a0680b9725189375,34.19
battery_temp,1605087155000000000,,Charging,SWD,macos,13370f11455f4f36a0680b9725189375,34.3
battery_temp,1605087159000000000,,Charging,SWD,macos,6c328af026994ab5ae14d1eb27d92e2b,39
battery_temp,1605087169000000000,,Charging,SWD,macos,13370f11455f4f36a0680b9725189375,33.5
battery_temp,1605087176000000000,,Charging,SWD,macos,6c328af026994ab5ae14d1eb27d92e2b,39
battery_temp,1605087183000000000,,Charging,SWD,macos,13370f11455f4f36a0680b9725189375,33.59
battery_temp,1605087190000000000,,Charging,SWD,macos,6c328af026994ab5ae14d1eb27d92e2b,39.09
battery_temp,1605087197000000000,,Charging,SWD,macos,13370f11455f4f36a0680b9725189375,33.8
battery_temp,1605087203000000000,,Charging,SWD,macos,6c328af026994ab5ae14d1eb27d92e2b,39.09
battery_temp,1605087211000000000,,Charging,SWD,macos,13370f11455f4f36a0680b9725189375,33.8
battery_temp,1605087218000000000,,Charging,SWD,macos,6c328af026994ab5ae14d1eb27d92e2b,39.19
battery_temp,1605087225000000000,,Charging,SWD,macos,13370f11455f4f36a0680b9725189375,33.89
battery_temp,1605087232000000000,,Charging,SWD,macos,6c328af026994ab5ae14d1eb27d92e2b,39.39
battery_temp,1605087239000000000,,Charging,SWD,macos,13370f11455f4f36a0680b9725189375,35
battery_temp,1605087249000000000,,Charging,SWD,macos,6c328af026994ab5ae14d1eb27d92e2b,38.59
battery_temp,1605087253000000000,,Charging,SWD,macos,13370f11455f4f36a0680b9725189375,35.09
battery_temp,1605087267000000000,,Charging,SWD,macos,13370f11455f4f36a0680b9725189375,35.09
battery_temp,1605087270000000000,,Charging,SWD,macos,6c328af026994ab5ae14d1eb27d92e2b,38.69
battery_temp,1605087281000000000,,Charging,SWD,macos,13370f11455f4f36a0680b9725189375,35.19
battery_temp,1605087284000000000,,Charging,SWD,macos,6c328af026994ab5ae14d1eb27d92e2b,38.8
battery_temp,1605087295000000000,,Charging,SWD,macos,13370f11455f4f36a0680b9725189375,35.3
battery_temp,1605087298000000000,,Charging,SWD,macos,6c328af026994ab5ae14d1eb27d92e2b,38.89
battery_temp,1605087309000000000,,Charging,SWD,macos,13370f11455f4f36a0680b9725189375,35.39
battery_temp,1605087312000000000,,Charging,SWD,macos,6c328af026994ab5ae14d1eb27d92e2b,38.8
battery_temp,1605087323000000000,,Charging,SWD,macos,13370f11455f4f36a0680b9725189375,35.39
battery_temp,1605087326000000000,,Charging,SWD,macos,6c328af026994ab5ae14d1eb27d92e2b,38.8
battery_temp,1605087337000000000,,Charging,SWD,macos,13370f11455f4f36a0680b9725189375,34.5
battery_temp,1605087340000000000,,Charging,SWD,macos,6c328af026994ab5ae14d1eb27d92e2b,38.8
battery_temp,1605087351000000000,,Charging,SWD,macos,13370f11455f4f36a0680b9725189375,34.59
battery_temp,1605087354000000000,,Charging,SWD,macos,6c328af026994ab5ae14d1eb27d92e2b,38.69
battery_temp,1605087365000000000,,Charging,SWD,macos,13370f11455f4f36a0680b9725189375,34.59
battery_temp,1605087368000000000,,Charging,SWD,macos,6c328af026994ab5ae14d1eb27d92e2b,38.89
battery_temp,1605087379000000000,,Charging,SWD,macos,13370f11455f4f36a0680b9725189375,34.69
battery_temp,1605087382000000000,,Charging,SWD,macos,6c328af026994ab5ae14d1eb27d92e2b,38.89
battery_temp,1605087393000000000,,Charging,SWD,macos,13370f11455f4f36a0680b9725189375,34.8
battery_temp,1605087396000000000,,Charging,SWD,macos,6c328af026994ab5ae14d1eb27d92e2b,40
battery_temp,1605087407000000000,,Charging,SWD,macos,13370f11455f4f36a0680b9725189375,34.89
battery_temp,1605087409000000000,,Charging,SWD,macos,6c328af026994ab5ae14d1eb27d92e2b,40.09
battery_temp,1605087421000000000,,Charging,SWD,macos,13370f11455f4f36a0680b9725189375,36
battery_temp,1605087423000000000,,Charging,SWD,macos,6c328af026994ab5ae14d1eb27d92e2b,40.09
battery_temp,1605087436000000000,,Charging,SWD,macos,13370f11455f4f36a0680b9725189375,36
battery_temp,1605087437000000000,,Charging,SWD,macos,6c328af026994ab5ae14d1eb27d92e2b,40.19
battery_temp,1605087450000000000,,Charging,SWD,macos,13370f11455f4f36a0680b9725189375,36.09
battery_temp,1605087451000000000,,Charging,SWD,macos,6c328af026994ab5ae14d1eb27d92e2b,40.19
battery_temp,1605087464000000000,,Charging,SWD,macos,13370f11455f4f36a0680b9725189375,36.09
battery_temp,1605087464000000000,,Charging,SWD,macos,6c328af026994ab5ae14d1eb27d92e2b,40.19
battery_temp,1605087478000000000,,Charging,SWD,macos,13370f11455f4f36a0680b9725189375,36.09
battery_temp,1605087478000000000,,Charging,SWD,macos,6c328af026994ab5ae14d1eb27d92e2b,40.19
battery_temp,1605087492000000000,,Charging,SWD,macos,13370f11455f4f36a0680b9725189375,36.19
battery_temp,1605087492000000000,,Charging,SWD,macos,6c328af026994ab5ae14d1eb27d92e2b,40.3
battery_temp,1605087506000000000,,Charging,SWD,macos,13370f11455f4f36a0680b9725189375,36.19
battery_temp,1605087506000000000,,Charging,SWD,macos,6c328af026994ab5ae14d1eb27d92e2b,40.3
battery_temp,1605087520000000000,,Charging,SWD,macos,13370f11455f4f36a0680b9725189375,36.3
battery_temp,1605087521000000000,,Charging,SWD,macos,6c328af026994ab5ae14d1eb27d92e2b,40.19
battery_temp,1605087534000000000,,Charging,SWD,macos,13370f11455f4f36a0680b9725189375,36.39
battery_temp,1605087535000000000,,Charging,SWD,macos,6c328af026994ab5ae14d1eb27d92e2b,40.09
battery_temp,1605087547000000000,,Charging,SWD,macos,13370f11455f4f36a0680b9725189375,35.5
battery_temp,1605087550000000000,,Charging,SWD,macos,6c328af026994ab5ae14d1eb27d92e2b,40
battery_temp,1605087561000000000,,Charging,SWD,macos,13370f11455f4f36a0680b9725189375,35.59
battery_temp,1605087564000000000,,Charging,SWD,macos,6c328af026994ab5ae14d1eb27d92e2b,38.69
battery_temp,1605087576000000000,,Charging,SWD,macos,13370f11455f4f36a0680b9725189375,35.69
battery_temp,1605087582000000000,,Charging,SWD,macos,6c328af026994ab5ae14d1eb27d92e2b,39.39
battery_temp,1605087590000000000,,Charging,SWD,macos,13370f11455f4f36a0680b9725189375,35.8
battery_temp,1605087598000000000,,Charging,SWD,macos,6c328af026994ab5ae14d1eb27d92e2b,39.3
battery_temp,1605087603000000000,,Charging,SWD,macos,13370f11455f4f36a0680b9725189375,35.89
battery_temp,1605087612000000000,,Charging,SWD,macos,6c328af026994ab5ae14d1eb27d92e2b,39.19
battery_temp,1605087618000000000,,Charging,SWD,macos,13370f11455f4f36a0680b9725189375,35.89
battery_temp,1605087626000000000,,Charging,SWD,macos,6c328af026994ab5ae14d1eb27d92e2b,39.09
battery_temp,1605087632000000000,,Charging,SWD,macos,13370f11455f4f36a0680b9725189375,37
battery_temp,1605087644000000000,,Charging,SWD,macos,6c328af026994ab5ae14d1eb27d92e2b,39
battery_temp,1605087646000000000,,Charging,SWD,macos,13370f11455f4f36a0680b9725189375,37.09
battery_temp,1605087660000000000,,Charging,SWD,macos,13370f11455f4f36a0680b9725189375,37.09
battery_temp,1605087662000000000,,Charging,SWD,macos,6c328af026994ab5ae14d1eb27d92e2b,39
battery_temp,1605087674000000000,,Charging,SWD,macos,13370f11455f4f36a0680b9725189375,37.19
battery_temp,1605087676000000000,,Charging,SWD,macos,6c328af026994ab5ae14d1eb27d92e2b,39.09
battery_temp,1605087688000000000,,Charging,SWD,macos,13370f11455f4f36a0680b9725189375,37.19
battery_temp,1605087690000000000,,Charging,SWD,macos,6c328af026994ab5ae14d1eb27d92e2b,39.3
battery_temp,1605087703000000000,,Charging,SWD,macos,13370f11455f4f36a0680b9725189375,37.3
battery_temp,1605087705000000000,,Charging,SWD,macos,6c328af026994ab5ae14d1eb27d92e2b,39.39
battery_temp,1605087717000000000,,Charging,SWD,macos,13370f11455f4f36a0680b9725189375,37.39
battery_temp,1605087719000000000,,Charging,SWD,macos,6c328af026994ab5ae14d1eb27d92e2b,38.69
battery_temp,1605087731000000000,,Charging,SWD,macos,13370f11455f4f36a0680b9725189375,37.39
battery_temp,1605087734000000000,,Charging,SWD,macos,6c328af026994ab5ae14d1eb27d92e2b,38.8
battery_temp,1605087745000000000,,Charging,SWD,macos,13370f11455f4f36a0680b9725189375,36.5
battery_temp,1605087749000000000,,Charging,SWD,macos,6c328af026994ab5ae14d1eb27d92e2b,40
battery_temp,1605087759000000000,,Charging,SWD,macos,13370f11455f4f36a0680b9725189375,36.5
battery_temp,1605087762000000000,,Charging,SWD,macos,6c328af026994ab5ae14d1eb27d92e2b,40.09
battery_temp,1605087773000000000,,Charging,SWD,macos,13370f11455f4f36a0680b9725189375,36.5
battery_temp,1605087776000000000,,Charging,SWD,macos,6c328af026994ab5ae14d1eb27d92e2b,40.3
battery_temp,1605087788000000000,,Charging,SWD,macos,13370f11455f4f36a0680b9725189375,36.5
battery_temp,1605087789000000000,,Charging,SWD,macos,6c328af026994ab5ae14d1eb27d92e2b,40.19
battery_temp,1605087802000000000,,Charging,SWD,macos,13370f11455f4f36a0680b9725189375,36.5
battery_temp,1605087803000000000,,Charging,SWD,macos,6c328af026994ab5ae14d1eb27d92e2b,40.19
battery_temp,1605087816000000000,,Charging,SWD,macos,13370f11455f4f36a0680b9725189375,37.39
battery_temp,1605087817000000000,,Charging,SWD,macos,6c328af026994ab5ae14d1eb27d92e2b,40.3
battery_temp,1605087830000000000,,Charging,SWD,macos,13370f11455f4f36a0680b9725189375,37.39
battery_temp,1605087830000000000,,Charging,SWD,macos,6c328af026994ab5ae14d1eb27d92e2b,39.5
battery_temp,1605087843000000000,,Charging,SWD,macos,6c328af026994ab5ae14d1eb27d92e2b,40.39
battery_temp,1605087844000000000,,Charging,SWD,macos,13370f11455f4f36a0680b9725189375,37.3
battery_temp,1605087856000000000,,Charging,SWD,macos,6c328af026994ab5ae14d1eb27d92e2b,40.3
battery_temp,1605087858000000000,,Charging,SWD,macos,13370f11455f4f36a0680b9725189375,37.3
battery_temp,1605087869000000000,,Charging,SWD,macos,6c328af026994ab5ae14d1eb27d92e2b,40.3
battery_temp,1605087872000000000,,Charging,SWD,macos,13370f11455f4f36a0680b9725189375,37.19
battery_temp,1605087882000000000,,Charging,SWD,macos,6c328af026994ab5ae14d1eb27d92e2b,40.3
battery_temp,1605087886000000000,,Charging,SWD,macos,13370f11455f4f36a0680b9725189375,37.19
battery_temp,1605087896000000000,,Charging,SWD,macos,6c328af026994ab5ae14d1eb27d92e2b,40.3
battery_temp,1605087904000000000,,Charging,SWD,macos,13370f11455f4f36a0680b9725189375,37.19
battery_temp,1605087909000000000,,Charging,SWD,macos,6c328af026994ab5ae14d1eb27d92e2b,39.5
battery_temp,1605087920000000000,,Charging,SWD,macos,13370f11455f4f36a0680b9725189375,35.5
battery_temp,1605087922000000000,,Charging,SWD,macos,6c328af026994ab5ae14d1eb27d92e2b,39.5
battery_temp,1605087935000000000,,Charging,SWD,macos,6c328af026994ab5ae14d1eb27d92e2b,39.59
battery_temp,1605087949000000000,,Charging,SWD,macos,6c328af026994ab5ae14d1eb27d92e2b,39.59
battery_temp,1605087962000000000,,Charging,SWD,macos,6c328af026994ab5ae14d1eb27d92e2b,39.59
battery_temp,1605087975000000000,,Charging,SWD,macos,6c328af026994ab5ae14d1eb27d92e2b,39.89
battery_temp,1605087989000000000,,Charging,SWD,macos,6c328af026994ab5ae14d1eb27d92e2b,39.89
battery_temp,1605088003000000000,,Charging,SWD,macos,6c328af026994ab5ae14d1eb27d92e2b,39.89
battery_temp,1605088017000000000,,Charging,SWD,macos,6c328af026994ab5ae14d1eb27d92e2b,39.89
battery_temp,1605088022000000000,,Charging,SWD,macos,13370f11455f4f36a0680b9725189375,36.09
battery_temp,1605088031000000000,,Charging,SWD,macos,6c328af026994ab5ae14d1eb27d92e2b,41.09
battery_temp,1605088045000000000,,Charging,SWD,macos,6c328af026994ab5ae14d1eb27d92e2b,41.39
battery_temp,1605088059000000000,,Charging,SWD,macos,13370f11455f4f36a0680b9725189375,36
battery_temp,1605088059000000000,,Charging,SWD,macos,6c328af026994ab5ae14d1eb27d92e2b,40.59
battery_temp,1605088072000000000,,Charging,SWD,macos,6c328af026994ab5ae14d1eb27d92e2b,40.59
battery_temp,1605088085000000000,,Charging,SWD,macos,13370f11455f4f36a0680b9725189375,34.89
battery_temp,1605088086000000000,,Charging,SWD,macos,6c328af026994ab5ae14d1eb27d92e2b,40.59
battery_temp,1605088099000000000,,Charging,SWD,macos,13370f11455f4f36a0680b9725189375,34.89
battery_temp,1605088100000000000,,Charging,SWD,macos,6c328af026994ab5ae14d1eb27d92e2b,41.3
battery_temp,1605088114000000000,,Charging,SWD,macos,6c328af026994ab5ae14d1eb27d92e2b,41.3
battery_temp,1605088128000000000,,Charging,SWD,macos,6c328af026994ab5ae14d1eb27d92e2b,41.39
battery_temp,1605088133000000000,,Charging,SWD,macos,13370f11455f4f36a0680b9725189375,34.8
battery_temp,1605088142000000000,,Charging,SWD,macos,6c328af026994ab5ae14d1eb27d92e2b,40.69
battery_temp,1605088148000000000,,Charging,SWD,macos,13370f11455f4f36a0680b9725189375,34.8
battery_temp,1605088156000000000,,Charging,SWD,macos,6c328af026994ab5ae14d1eb27d92e2b,40.69
battery_temp,1605088170000000000,,Charging,SWD,macos,6c328af026994ab5ae14d1eb27d92e2b,40.69
battery_temp,1605088182000000000,,Charging,SWD,macos,13370f11455f4f36a0680b9725189375,35.39
battery_temp,1605088183000000000,,Charging,SWD,macos,6c328af026994ab5ae14d1eb27d92e2b,40.69
battery_temp,1605088197000000000,,Charging,SWD,macos,6c328af026994ab5ae14d1eb27d92e2b,40.69
battery_temp,1605088211000000000,,Charging,SWD,macos,6c328af026994ab5ae14d1eb27d92e2b,40.89
battery_temp,1605088225000000000,,Charging,SWD,macos,6c328af026994ab5ae14d1eb27d92e2b,40.89
battery_temp,1605088238000000000,,Charging,SWD,macos,6c328af026994ab5ae14d1eb27d92e2b,40.69
battery_temp,1605088252000000000,,Charging,SWD,macos,6c328af026994ab5ae14d1eb27d92e2b,40.69
battery_temp,1605088258000000000,,Charging,SWD,macos,13370f11455f4f36a0680b9725189375,35.19
battery_temp,1605088266000000000,,Charging,SWD,macos,6c328af026994ab5ae14d1eb27d92e2b,40.69
battery_temp,1605088280000000000,,Charging,SWD,macos,6c328af026994ab5ae14d1eb27d92e2b,40.69
battery_temp,1605088293000000000,,Charging,SWD,macos,13370f11455f4f36a0680b9725189375,35
battery_temp,1605088294000000000,,Charging,SWD,macos,6c328af026994ab5ae14d1eb27d92e2b,40.69
battery_temp,1605088308000000000,,Charging,SWD,macos,6c328af026994ab5ae14d1eb27d92e2b,40.59
battery_temp,1605088321000000000,,Charging,SWD,macos,6c328af026994ab5ae14d1eb27d92e2b,41.39
battery_temp,1605088332000000000,,Charging,SWD,macos,13370f11455f4f36a0680b9725189375,33.89
battery_temp,1605088335000000000,,Charging,SWD,macos,6c328af026994ab5ae14d1eb27d92e2b,41.3
battery_temp,1605088349000000000,,Charging,SWD,macos,13370f11455f4f36a0680b9725189375,35
battery_temp,1605088349000000000,,Charging,SWD,macos,6c328af026994ab5ae14d1eb27d92e2b,41
battery_temp,1605088362000000000,,Charging,SWD,macos,13370f11455f4f36a0680b9725189375,35.19
battery_temp,1605088362000000000,,Charging,SWD,macos,6c328af026994ab5ae14d1eb27d92e2b,41
battery_temp,1605088376000000000,,Charging,SWD,macos,13370f11455f4f36a0680b9725189375,35.39
battery_temp,1605088376000000000,,Charging,SWD,macos,6c328af026994ab5ae14d1eb27d92e2b,41
battery_temp,1605088390000000000,,Charging,SWD,macos,13370f11455f4f36a0680b9725189375,34.59
battery_temp,1605088390000000000,,Charging,SWD,macos,6c328af026994ab5ae14d1eb27d92e2b,41
battery_temp,1605088404000000000,,Charging,SWD,macos,6c328af026994ab5ae14d1eb27d92e2b,39.89
battery_temp,1605088405000000000,,Charging,SWD,macos,13370f11455f4f36a0680b9725189375,34.69
battery_temp,1605088418000000000,,Charging,SWD,macos,6c328af026994ab5ae14d1eb27d92e2b,39.89
battery_temp,1605088420000000000,,Charging,SWD,macos,13370f11455f4f36a0680b9725189375,34.8
battery_temp,1605088431000000000,,Charging,SWD,macos,6c328af026994ab5ae14d1eb27d92e2b,39.89
battery_temp,1605088433000000000,,Charging,SWD,macos,13370f11455f4f36a0680b9725189375,34.89
battery_temp,1605088445000000000,,Charging,SWD,macos,6c328af026994ab5ae14d1eb27d92e2b,39.89
battery_temp,1605088447000000000,,Charging,SWD,macos,13370f11455f4f36a0680b9725189375,36
battery_temp,1605088459000000000,,Charging,SWD,macos,6c328af026994ab5ae14d1eb27d92e2b,39.89
battery_temp,1605088461000000000,,Charging,SWD,macos,13370f11455f4f36a0680b9725189375,36.09
battery_temp,1605088472000000000,,Charging,SWD,macos,6c328af026994ab5ae14d1eb27d92e2b,39.8
battery_temp,1605088475000000000,,Charging,SWD,macos,13370f11455f4f36a0680b9725189375,36.09
battery_temp,1605088486000000000,,Charging,SWD,macos,6c328af026994ab5ae14d1eb27d92e2b,39.8
battery_temp,1605088490000000000,,Charging,SWD,macos,13370f11455f4f36a0680b9725189375,36.3
battery_temp,1605088500000000000,,Charging,SWD,macos,6c328af026994ab5ae14d1eb27d92e2b,39.89
battery_temp,1605088504000000000,,Charging,SWD,macos,13370f11455f4f36a0680b9725189375,36.3
battery_temp,1605088514000000000,,Charging,SWD,macos,6c328af026994ab5ae14d1eb27d92e2b,39.8
battery_temp,1605088519000000000,,Charging,SWD,macos,13370f11455f4f36a0680b9725189375,36.39
battery_temp,1605088527000000000,,Charging,SWD,macos,6c328af026994ab5ae14d1eb27d92e2b,39.69
battery_temp,1605088533000000000,,Charging,SWD,macos,13370f11455f4f36a0680b9725189375,35.5
battery_temp,1605088541000000000,,Charging,SWD,macos,6c328af026994ab5ae14d1eb27d92e2b,39.8
battery_temp,1605088547000000000,,Charging,SWD,macos,13370f11455f4f36a0680b9725189375,35.59
battery_temp,1605088555000000000,,Charging,SWD,macos,6c328af026994ab5ae14d1eb27d92e2b,39.8
battery_temp,1605088560000000000,,Charging,SWD,macos,13370f11455f4f36a0680b9725189375,35.69
battery_temp,1605088569000000000,,Charging,SWD,macos,6c328af026994ab5ae14d1eb27d92e2b,39.5
battery_temp,1605088574000000000,,Charging,SWD,macos,13370f11455f4f36a0680b9725189375,35.69
battery_temp,1605088582000000000,,Charging,SWD,macos,6c328af026994ab5ae14d1eb27d92e2b,39.5
battery_temp,1605088589000000000,,Charging,SWD,macos,13370f11455f4f36a0680b9725189375,35.8
battery_temp,1605088596000000000,,Charging,SWD,macos,6c328af026994ab5ae14d1eb27d92e2b,39.59
battery_temp,1605088603000000000,,Charging,SWD,macos,13370f11455f4f36a0680b9725189375,35.8
battery_temp,1605088610000000000,,Charging,SWD,macos,6c328af026994ab5ae14d1eb27d92e2b,39.8
battery_temp,1605088617000000000,,Charging,SWD,macos,13370f11455f4f36a0680b9725189375,35.89
battery_temp,1605088624000000000,,Charging,SWD,macos,6c328af026994ab5ae14d1eb27d92e2b,41
battery_temp,1605088631000000000,,Charging,SWD,macos,13370f11455f4f36a0680b9725189375,35.89
battery_temp,1605088637000000000,,Charging,SWD,macos,6c328af026994ab5ae14d1eb27d92e2b,41.09
battery_temp,1605088645000000000,,Charging,SWD,macos,13370f11455f4f36a0680b9725189375,37
battery_temp,1605088651000000000,,Charging,SWD,macos,6c328af026994ab5ae14d1eb27d92e2b,41
battery_temp,1605088659000000000,,Charging,SWD,macos,13370f11455f4f36a0680b9725189375,37
battery_temp,1605088665000000000,,Charging,SWD,macos,6c328af026994ab5ae14d1eb27d92e2b,39.89
battery_temp,1605088673000000000,,Charging,SWD,macos,13370f11455f4f36a0680b9725189375,37
battery_temp,1605088679000000000,,Charging,SWD,macos,6c328af026994ab5ae14d1eb27d92e2b,41
battery_temp,1605088687000000000,,Charging,SWD,macos,13370f11455f4f36a0680b9725189375,37
battery_temp,1605088694000000000,,Charging,SWD,macos,6c328af026994ab5ae14d1eb27d92e2b,41
battery_temp,1605088701000000000,,Charging,SWD,macos,13370f11455f4f36a0680b9725189375,37
battery_temp,1605088708000000000,,Charging,SWD,macos,6c328af026994ab5ae14d1eb27d92e2b,41
battery_temp,1605088715000000000,,Charging,SWD,macos,13370f11455f4f36a0680b9725189375,37
battery_temp,1605088722000000000,,Charging,SWD,macos,6c328af026994ab5ae14d1eb27d92e2b,41
battery_temp,1605088729000000000,,Charging,SWD,macos,13370f11455f4f36a0680b9725189375,37
battery_temp,1605088735000000000,,Charging,SWD,macos,6c328af026994ab5ae14d1eb27d92e2b,41
battery_temp,1605088743000000000,,Charging,SWD,macos,13370f11455f4f36a0680b9725189375,37
battery_temp,1605088749000000000,,Charging,SWD,macos,6c328af026994ab5ae14d1eb27d92e2b,39.89
battery_temp,1605088757000000000,,Charging,SWD,macos,13370f11455f4f36a0680b9725189375,37
battery_temp,1605088762000000000,,Charging,SWD,macos,6c328af026994ab5ae14d1eb27d92e2b,39.8
battery_temp,1605088772000000000,,Charging,SWD,macos,13370f11455f4f36a0680b9725189375,37
battery_temp,1605088776000000000,,Charging,SWD,macos,6c328af026994ab5ae14d1eb27d92e2b,39.69
battery_temp,1605088785000000000,,Charging,SWD,macos,13370f11455f4f36a0680b9725189375,37
battery_temp,1605088790000000000,,Charging,SWD,macos,6c328af026994ab5ae14d1eb27d92e2b,39.59
battery_temp,1605088800000000000,,Charging,SWD,macos,13370f11455f4f36a0680b9725189375,37.09
battery_temp,1605088804000000000,,Charging,SWD,macos,6c328af026994ab5ae14d1eb27d92e2b,39.5
battery_temp,1605088814000000000,,Charging,SWD,macos,13370f11455f4f36a0680b9725189375,37.19
battery_temp,1605088818000000000,,Charging,SWD,macos,6c328af026994ab5ae14d1eb27d92e2b,40.39
battery_temp,1605088828000000000,,Charging,SWD,macos,13370f11455f4f36a0680b9725189375,37.3
battery_temp,1605088831000000000,,Charging,SWD,macos,6c328af026994ab5ae14d1eb27d92e2b,40.19
battery_temp,1605088842000000000,,Charging,SWD,macos,13370f11455f4f36a0680b9725189375,37.39
battery_temp,1605088845000000000,,Charging,SWD,macos,6c328af026994ab5ae14d1eb27d92e2b,40.09
battery_temp,1605088857000000000,,Charging,SWD,macos,13370f11455f4f36a0680b9725189375,36.5
battery_temp,1605088859000000000,,Charging,SWD,macos,6c328af026994ab5ae14d1eb27d92e2b,40
battery_temp,1605088871000000000,,Charging,SWD,macos,13370f11455f4f36a0680b9725189375,36.59
battery_temp,1605088872000000000,,Charging,SWD,macos,6c328af026994ab5ae14d1eb27d92e2b,38.89
battery_temp,1605088886000000000,,Charging,SWD,macos,13370f11455f4f36a0680b9725189375,36.69
battery_temp,1605088886000000000,,Charging,SWD,macos,6c328af026994ab5ae14d1eb27d92e2b,38.8
battery_temp,1605088900000000000,,Charging,SWD,macos,13370f11455f4f36a0680b9725189375,36.69
battery_temp,1605088900000000000,,Charging,SWD,macos,6c328af026994ab5ae14d1eb27d92e2b,38.69
battery_temp,1605088914000000000,,Charging,SWD,macos,13370f11455f4f36a0680b9725189375,36.8
battery_temp,1605088914000000000,,Charging,SWD,macos,6c328af026994ab5ae14d1eb27d92e2b,38.59
battery_temp,1605088927000000000,,Charging,SWD,macos,6c328af026994ab5ae14d1eb27d92e2b,38.5
battery_temp,1605088928000000000,,Charging,SWD,macos,13370f11455f4f36a0680b9725189375,36.8
battery_temp,1605088941000000000,,Charging,SWD,macos,6c328af026994ab5ae14d1eb27d92e2b,39.39
battery_temp,1605088942000000000,,Charging,SWD,macos,13370f11455f4f36a0680b9725189375,36.8
battery_temp,1605088955000000000,,Charging,SWD,macos,6c328af026994ab5ae14d1eb27d92e2b,39.39
battery_temp,1605088956000000000,,Charging,SWD,macos,13370f11455f4f36a0680b9725189375,36.8
battery_temp,1605088969000000000,,Charging,SWD,macos,6c328af026994ab5ae14d1eb27d92e2b,39.39
battery_temp,1605088971000000000,,Charging,SWD,macos,13370f11455f4f36a0680b9725189375,36.8
battery_temp,1605088982000000000,,Charging,SWD,macos,6c328af026994ab5ae14d1eb27d92e2b,39.39
battery_temp,1605088985000000000,,Charging,SWD,macos,13370f11455f4f36a0680b9725189375,36.8
battery_temp,1605088996000000000,,Charging,SWD,macos,6c328af026994ab5ae14d1eb27d92e2b,39.39
battery_temp,1605088999000000000,,Charging,SWD,macos,13370f11455f4f36a0680b9725189375,36.8
battery_temp,1605089010000000000,,Charging,SWD,macos,6c328af026994ab5ae14d1eb27d92e2b,39.39
battery_temp,1605089013000000000,,Charging,SWD,macos,13370f11455f4f36a0680b9725189375,36.69
battery_temp,1605089024000000000,,Charging,SWD,macos,6c328af026994ab5ae14d1eb27d92e2b,39.39
battery_temp,1605089027000000000,,Charging,SWD,macos,13370f11455f4f36a0680b9725189375,36.69
battery_temp,1605089037000000000,,Charging,SWD,macos,6c328af026994ab5ae14d1eb27d92e2b,39.3
battery_temp,1605089041000000000,,Charging,SWD,macos,13370f11455f4f36a0680b9725189375,36.69
battery_temp,1605089051000000000,,Charging,SWD,macos,6c328af026994ab5ae14d1eb27d92e2b,39.3
battery_temp,1605089056000000000,,Charging,SWD,macos,13370f11455f4f36a0680b9725189375,36.69
battery_temp,1605089065000000000,,Charging,SWD,macos,6c328af026994ab5ae14d1eb27d92e2b,39.19
battery_temp,1605089070000000000,,Charging,SWD,macos,13370f11455f4f36a0680b9725189375,36.69
battery_temp,1605089078000000000,,Charging,SWD,macos,6c328af026994ab5ae14d1eb27d92e2b,39.19
battery_temp,1605089084000000000,,Charging,SWD,macos,13370f11455f4f36a0680b9725189375,36.69
battery_temp,1605089092000000000,,Charging,SWD,macos,6c328af026994ab5ae14d1eb27d92e2b,39.19
battery_temp,1605089099000000000,,Charging,SWD,macos,13370f11455f4f36a0680b9725189375,36.69
battery_temp,1605089106000000000,,Charging,SWD,macos,6c328af026994ab5ae14d1eb27d92e2b,39.09
battery_temp,1605089113000000000,,Charging,SWD,macos,13370f11455f4f36a0680b9725189375,36.69
battery_temp,1605089120000000000,,Charging,SWD,macos,6c328af026994ab5ae14d1eb27d92e2b,39.09
battery_temp,1605089128000000000,,Charging,SWD,macos,13370f11455f4f36a0680b9725189375,36.69
battery_temp,1605089133000000000,,Charging,SWD,macos,6c328af026994ab5ae14d1eb27d92e2b,39.09
battery_temp,1605089142000000000,,Charging,SWD,macos,13370f11455f4f36a0680b9725189375,36.69
battery_temp,1605089147000000000,,Charging,SWD,macos,6c328af026994ab5ae14d1eb27d92e2b,39.09
battery_temp,1605089157000000000,,Charging,SWD,macos,13370f11455f4f36a0680b9725189375,36.59
battery_temp,1605089161000000000,,Charging,SWD,macos,6c328af026994ab5ae14d1eb27d92e2b,39.09
battery_temp,1605089172000000000,,Charging,SWD,macos,13370f11455f4f36a0680b9725189375,36.59
battery_temp,1605089175000000000,,Charging,SWD,macos,6c328af026994ab5ae14d1eb27d92e2b,39.09
battery_temp,1605089186000000000,,Charging,SWD,macos,13370f11455f4f36a0680b9725189375,36.59
battery_temp,1605089188000000000,,Charging,SWD,macos,6c328af026994ab5ae14d1eb27d92e2b,39.09
battery_temp,1605089200000000000,,Charging,SWD,macos,13370f11455f4f36a0680b9725189375,36.59
battery_temp,1605089202000000000,,Charging,SWD,macos,6c328af026994ab5ae14d1eb27d92e2b,39.09
battery_temp,1605089215000000000,,Charging,SWD,macos,13370f11455f4f36a0680b9725189375,36.59
battery_temp,1605089216000000000,,Charging,SWD,macos,6c328af026994ab5ae14d1eb27d92e2b,39.09
battery_temp,1605089229000000000,,Charging,SWD,macos,13370f11455f4f36a0680b9725189375,36.59
battery_temp,1605089229000000000,,Charging,SWD,macos,6c328af026994ab5ae14d1eb27d92e2b,39.09
battery_temp,1605089243000000000,,Charging,SWD,macos,13370f11455f4f36a0680b9725189375,36.59
battery_temp,1605089243000000000,,Charging,SWD,macos,6c328af026994ab5ae14d1eb27d92e2b,39.09
battery_temp,1605089257000000000,,Charging,SWD,macos,13370f11455f4f36a0680b9725189375,36.59
battery_temp,1605089257000000000,,Charging,SWD,macos,6c328af026994ab5ae14d1eb27d92e2b,39
battery_temp,1605089270000000000,,Charging,SWD,macos,6c328af026994ab5ae14d1eb27d92e2b,39
battery_temp,1605089272000000000,,Charging,SWD,macos,13370f11455f4f36a0680b9725189375,36.59
battery_temp,1605089284000000000,,Charging,SWD,macos,6c328af026994ab5ae14d1eb27d92e2b,37.89
battery_temp,1605089286000000000,,Charging,SWD,macos,13370f11455f4f36a0680b9725189375,36.59
battery_temp,1605089298000000000,,Charging,SWD,macos,6c328af026994ab5ae14d1eb27d92e2b,37.89
battery_temp,1605089300000000000,,Charging,SWD,macos,13370f11455f4f36a0680b9725189375,36.59
battery_temp,1605089311000000000,,Charging,SWD,macos,6c328af026994ab5ae14d1eb27d92e2b,37.89
battery_temp,1605089315000000000,,Charging,SWD,macos,13370f11455f4f36a0680b9725189375,36.5
battery_temp,1605089325000000000,,Charging,SWD,macos,6c328af026994ab5ae14d1eb27d92e2b,37.8
battery_temp,1605089329000000000,,Charging,SWD,macos,13370f11455f4f36a0680b9725189375,36.5
battery_temp,1605089338000000000,,Charging,SWD,macos,6c328af026994ab5ae14d1eb27d92e2b,37.8
battery_temp,1605089343000000000,,Charging,SWD,macos,13370f11455f4f36a0680b9725189375,36.5
battery_temp,1605089352000000000,,Charging,SWD,macos,6c328af026994ab5ae14d1eb27d92e2b,37.8
battery_temp,1605089358000000000,,Charging,SWD,macos,13370f11455f4f36a0680b9725189375,36.5
battery_temp,1605089366000000000,,Charging,SWD,macos,6c328af026994ab5ae14d1eb27d92e2b,37.69
battery_temp,1605089372000000000,,Charging,SWD,macos,13370f11455f4f36a0680b9725189375,36.5
battery_temp,1605089379000000000,,Charging,SWD,macos,6c328af026994ab5ae14d1eb27d92e2b,37.69
battery_temp,1605089386000000000,,Charging,SWD,macos,13370f11455f4f36a0680b9725189375,36.5
battery_temp,1605089393000000000,,Charging,SWD,macos,6c328af026994ab5ae14d1eb27d92e2b,37.59
battery_temp,1605089400000000000,,Charging,SWD,macos,13370f11455f4f36a0680b9725189375,36.5
battery_temp,1605089407000000000,,Charging,SWD,macos,6c328af026994ab5ae14d1eb27d92e2b,37.5
battery_temp,1605089414000000000,,Charging,SWD,macos,13370f11455f4f36a0680b9725189375,36.5
battery_temp,1605089420000000000,,Charging,SWD,macos,6c328af026994ab5ae14d1eb27d92e2b,38.39
battery_temp,1605089429000000000,,Charging,SWD,macos,13370f11455f4f36a0680b9725189375,36.5
battery_temp,1605089434000000000,,Charging,SWD,macos,6c328af026994ab5ae14d1eb27d92e2b,38.39
battery_temp,1605089443000000000,,Charging,SWD,macos,13370f11455f4f36a0680b9725189375,36.5
battery_temp,1605089448000000000,,Charging,SWD,macos,6c328af026994ab5ae14d1eb27d92e2b,38.3
battery_temp,1605089457000000000,,Charging,SWD,macos,13370f11455f4f36a0680b9725189375,36.5
battery_temp,1605089462000000000,,Charging,SWD,macos,6c328af026994ab5ae14d1eb27d92e2b,38.19
battery_temp,1605089472000000000,,Charging,SWD,macos,13370f11455f4f36a0680b9725189375,36.5
battery_temp,1605089476000000000,,Charging,SWD,macos,6c328af026994ab5ae14d1eb27d92e2b,38.09
battery_temp,1605089486000000000,,Charging,SWD,macos,13370f11455f4f36a0680b9725189375,36.5
battery_temp,1605089490000000000,,Charging,SWD,macos,6c328af026994ab5ae14d1eb27d92e2b,38.09
battery_temp,1605089501000000000,,Charging,SWD,macos,13370f11455f4f36a0680b9725189375,36.5
battery_temp,1605089503000000000,,Charging,SWD,macos,6c328af026994ab5ae14d1eb27d92e2b,38.09
battery_temp,1605089515000000000,,Charging,SWD,macos,13370f11455f4f36a0680b9725189375,36.5
battery_temp,1605089517000000000,,Charging,SWD,macos,6c328af026994ab5ae14d1eb27d92e2b,38.09
battery_temp,1605089530000000000,,Charging,SWD,macos,6c328af026994ab5ae14d1eb27d92e2b,38.09
battery_temp,1605089531000000000,,Charging,SWD,macos,13370f11455f4f36a0680b9725189375,36.5
battery_temp,1605089545000000000,,Charging,SWD,macos,6c328af026994ab5ae14d1eb27d92e2b,38.09
battery_temp,1605089546000000000,,Charging,SWD,macos,13370f11455f4f36a0680b9725189375,36.59
battery_temp,1605089558000000000,,Charging,SWD,macos,6c328af026994ab5ae14d1eb27d92e2b,38.19
battery_temp,1605089560000000000,,Charging,SWD,macos,13370f11455f4f36a0680b9725189375,36.69
battery_temp,1605089572000000000,,Charging,SWD,macos,6c328af026994ab5ae14d1eb27d92e2b,38.19
battery_temp,1605089574000000000,,Charging,SWD,macos,13370f11455f4f36a0680b9725189375,36.8
battery_temp,1605089586000000000,,Charging,SWD,macos,6c328af026994ab5ae14d1eb27d92e2b,38.3
battery_temp,1605089588000000000,,Charging,SWD,macos,13370f11455f4f36a0680b9725189375,36.89
battery_temp,1605089599000000000,,Charging,SWD,macos,6c328af026994ab5ae14d1eb27d92e2b,38.39
battery_temp,1605089602000000000,,Charging,SWD,macos,13370f11455f4f36a0680b9725189375,36.89
battery_temp,1605089613000000000,,Charging,SWD,macos,6c328af026994ab5ae14d1eb27d92e2b,37.5
battery_temp,1605089616000000000,,Charging,SWD,macos,13370f11455f4f36a0680b9725189375,38
battery_temp,1605089627000000000,,Charging,SWD,macos,6c328af026994ab5ae14d1eb27d92e2b,37.5
battery_temp,1605089630000000000,,Charging,SWD,macos,13370f11455f4f36a0680b9725189375,38
battery_temp,1605089641000000000,,Charging,SWD,macos,6c328af026994ab5ae14d1eb27d92e2b,37.59
battery_temp,1605089644000000000,,Charging,SWD,macos,13370f11455f4f36a0680b9725189375,38
battery_temp,1605089655000000000,,Charging,SWD,macos,6c328af026994ab5ae14d1eb27d92e2b,37.59
battery_temp,1605089659000000000,,Charging,SWD,macos,13370f11455f4f36a0680b9725189375,38
battery_temp,1605089669000000000,,Charging,SWD,macos,6c328af026994ab5ae14d1eb27d92e2b,37.59
battery_temp,1605089673000000000,,Charging,SWD,macos,13370f11455f4f36a0680b9725189375,38
battery_temp,1605089682000000000,,Charging,SWD,macos,6c328af026994ab5ae14d1eb27d92e2b,37.59
battery_temp,1605089688000000000,,Charging,SWD,macos,13370f11455f4f36a0680b9725189375,36.89
battery_temp,1605089696000000000,,Charging,SWD,macos,6c328af026994ab5ae14d1eb27d92e2b,37.59
battery_temp,1605089702000000000,,Charging,SWD,macos,13370f11455f4f36a0680b9725189375,36.8
battery_temp,1605089710000000000,,Charging,SWD,macos,6c328af026994ab5ae14d1eb27d92e2b,37.59
battery_temp,1605089716000000000,,Charging,SWD,macos,13370f11455f4f36a0680b9725189375,36.8
battery_temp,1605089724000000000,,Charging,SWD,macos,6c328af026994ab5ae14d1eb27d92e2b,37.5
battery_temp,1605089730000000000,,Charging,SWD,macos,13370f11455f4f36a0680b9725189375,36.69
battery_temp,1605089738000000000,,Charging,SWD,macos,6c328af026994ab5ae14d1eb27d92e2b,37.5
battery_temp,1605089744000000000,,Charging,SWD,macos,13370f11455f4f36a0680b9725189375,36.69
battery_temp,1605089752000000000,,Charging,SWD,macos,6c328af026994ab5ae14d1eb27d92e2b,38.39
battery_temp,1605089758000000000,,Charging,SWD,macos,13370f11455f4f36a0680b9725189375,36.59
battery_temp,1605089766000000000,,Charging,SWD,macos,6c328af026994ab5ae14d1eb27d92e2b,38.39
battery_temp,1605089772000000000,,Charging,SWD,macos,13370f11455f4f36a0680b9725189375,36.59
battery_temp,1605089780000000000,,Charging,SWD,macos,6c328af026994ab5ae14d1eb27d92e2b,38.3
battery_temp,1605089787000000000,,Charging,SWD,macos,13370f11455f4f36a0680b9725189375,36.59
battery_temp,1605089793000000000,,Charging,SWD,macos,6c328af026994ab5ae14d1eb27d92e2b,38.3
battery_temp,1605089802000000000,,Charging,SWD,macos,13370f11455f4f36a0680b9725189375,36.59
battery_temp,1605089807000000000,,Charging,SWD,macos,6c328af026994ab5ae14d1eb27d92e2b,38.19
battery_temp,1605089817000000000,,Charging,SWD,macos,13370f11455f4f36a0680b9725189375,36.59
battery_temp,1605089821000000000,,Charging,SWD,macos,6c328af026994ab5ae14d1eb27d92e2b,38.09
battery_temp,1605089831000000000,,Charging,SWD,macos,13370f11455f4f36a0680b9725189375,36.5
battery_temp,1605089835000000000,,Charging,SWD,macos,6c328af026994ab5ae14d1eb27d92e2b,38.09
battery_temp,1605089845000000000,,Charging,SWD,macos,13370f11455f4f36a0680b9725189375,36.5
battery_temp,1605089848000000000,,Charging,SWD,macos,6c328af026994ab5ae14d1eb27d92e2b,38
battery_temp,1605089859000000000,,Charging,SWD,macos,13370f11455f4f36a0680b9725189375,36.5
battery_temp,1605089862000000000,,Charging,SWD,macos,6c328af026994ab5ae14d1eb27d92e2b,38
battery_temp,1605089873000000000,,Charging,SWD,macos,13370f11455f4f36a0680b9725189375,37.39
battery_temp,1605089876000000000,,Charging,SWD,macos,6c328af026994ab5ae14d1eb27d92e2b,36.89
battery_temp,1605089887000000000,,Charging,SWD,macos,13370f11455f4f36a0680b9725189375,37.39
battery_temp,1605089889000000000,,Charging,SWD,macos,6c328af026994ab5ae14d1eb27d92e2b,36.89
battery_temp,1605089902000000000,,Charging,SWD,macos,13370f11455f4f36a0680b9725189375,37.39
battery_temp,1605089903000000000,,Charging,SWD,macos,6c328af026994ab5ae14d1eb27d92e2b,36.89
battery_temp,1605089916000000000,,Charging,SWD,macos,13370f11455f4f36a0680b9725189375,37.3
battery_temp,1605089917000000000,,Charging,SWD,macos,6c328af026994ab5ae14d1eb27d92e2b,36.69
battery_temp,1605089930000000000,,Charging,SWD,macos,13370f11455f4f36a0680b9725189375,37.3
battery_temp,1605089931000000000,,Charging,SWD,macos,6c328af026994ab5ae14d1eb27d92e2b,36.59
battery_temp,1605089944000000000,,Charging,SWD,macos,13370f11455f4f36a0680b9725189375,37.19
battery_temp,1605089944000000000,,Charging,SWD,macos,6c328af026994ab5ae14d1eb27d92e2b,36.59
battery_temp,1605089958000000000,,Charging,SWD,macos,13370f11455f4f36a0680b9725189375,37.19
battery_temp,1605089958000000000,,Charging,SWD,macos,6c328af026994ab5ae14d1eb27d92e2b,36.5
battery_temp,1605089972000000000,,Charging,SWD,macos,13370f11455f4f36a0680b9725189375,37.09
battery_temp,1605089972000000000,,Charging,SWD,macos,6c328af026994ab5ae14d1eb27d92e2b,37.39
battery_temp,1605089985000000000,,Charging,SWD,macos,6c328af026994ab5ae14d1eb27d92e2b,37.39
battery_temp,1605089986000000000,,Charging,SWD,macos,13370f11455f4f36a0680b9725189375,37.09
battery_temp,1605089999000000000,,Charging,SWD,macos,6c328af026994ab5ae14d1eb27d92e2b,37.3
battery_temp,1605090000000000000,,Full,SWD,macos,13370f11455f4f36a0680b9725189375,37
battery_temp,1605090012000000000,,Charging,SWD,macos,6c328af026994ab5ae14d1eb27d92e2b,37.3
battery_temp,1605090014000000000,,Full,SWD,macos,13370f11455f4f36a0680b9725189375,37
battery_temp,1605090026000000000,,Charging,SWD,macos,6c328af026994ab5ae14d1eb27d92e2b,37.19
battery_temp,1605090029000000000,,Full,SWD,macos,13370f11455f4f36a0680b9725189375,35.89
battery_temp,1605090040000000000,,Charging,SWD,macos,6c328af026994ab5ae14d1eb27d92e2b,37.09
battery_temp,1605090043000000000,,Full,SWD,macos,13370f11455f4f36a0680b9725189375,35.89
battery_temp,1605090054000000000,,Charging,SWD,macos,6c328af026994ab5ae14d1eb27d92e2b,37.09
battery_temp,1605090057000000000,,Full,SWD,macos,13370f11455f4f36a0680b9725189375,35.89
battery_temp,1605090068000000000,,Charging,SWD,macos,6c328af026994ab5ae14d1eb27d92e2b,37.09
battery_temp,1605090072000000000,,Full,SWD,macos,13370f11455f4f36a0680b9725189375,35.89
battery_temp,1605090081000000000,,Charging,SWD,macos,6c328af026994ab5ae14d1eb27d92e2b,37
battery_temp,1605090086000000000,,Full,SWD,macos,13370f11455f4f36a0680b9725189375,35.89
battery_temp,1605090095000000000,,Charging,SWD,macos,6c328af026994ab5ae14d1eb27d92e2b,37
battery_temp,1605090101000000000,,Full,SWD,macos,13370f11455f4f36a0680b9725189375,35.89
battery_temp,1605090109000000000,,Charging,SWD,macos,6c328af026994ab5ae14d1eb27d92e2b,35.89
battery_temp,1605090115000000000,,Full,SWD,macos,13370f11455f4f36a0680b9725189375,35.89
battery_temp,1605090123000000000,,Charging,SWD,macos,6c328af026994ab5ae14d1eb27d92e2b,35.89
battery_temp,1605090134000000000,,Full,SWD,macos,13370f11455f4f36a0680b9725189375,35.89
battery_temp,1605090137000000000,,Charging,SWD,macos,6c328af026994ab5ae14d1eb27d92e2b,35.89
battery_temp,1605090149000000000,,Full,SWD,macos,13370f11455f4f36a0680b9725189375,35.19
battery_temp,1605090151000000000,,Charging,SWD,macos,6c328af026994ab5ae14d1eb27d92e2b,37
battery_temp,1605090164000000000,,Charging,SWD,macos,6c328af026994ab5ae14d1eb27d92e2b,37.09
battery_temp,1605090178000000000,,Charging,SWD,macos,6c328af026994ab5ae14d1eb27d92e2b,37.19
battery_temp,1605090192000000000,,Charging,SWD,macos,6c328af026994ab5ae14d1eb27d92e2b,37.19
battery_temp,1605090206000000000,,Charging,SWD,macos,6c328af026994ab5ae14d1eb27d92e2b,37.3
battery_temp,1605090220000000000,,Charging,SWD,macos,6c328af026994ab5ae14d1eb27d92e2b,37.39
battery_temp,1605090234000000000,,Charging,SWD,macos,6c328af026994ab5ae14d1eb27d92e2b,37.39
battery_temp,1605090248000000000,,Charging,SWD,macos,6c328af026994ab5ae14d1eb27d92e2b,37.39
battery_temp,1605090261000000000,,Charging,SWD,macos,6c328af026994ab5ae14d1eb27d92e2b,37.39
battery_temp,1605090275000000000,,Charging,SWD,macos,6c328af026994ab5ae14d1eb27d92e2b,37.39
battery_temp,1605090288000000000,,Charging,SWD,macos,6c328af026994ab5ae14d1eb27d92e2b,36.5
battery_temp,1605090302000000000,,Charging,SWD,macos,6c328af026994ab5ae14d1eb27d92e2b,36.5
battery_temp,1605090315000000000,,Charging,SWD,macos,6c328af026994ab5ae14d1eb27d92e2b,36.59
battery_temp,1605090329000000000,,Charging,SWD,macos,6c328af026994ab5ae14d1eb27d92e2b,36.59
battery_temp,1605090343000000000,,Charging,SWD,macos,6c328af026994ab5ae14d1eb27d92e2b,36.69
battery_temp,1605090357000000000,,Charging,SWD,macos,6c328af026994ab5ae14d1eb27d92e2b,36.8
battery_temp,1605090364000000000,,Full,SWD,macos,13370f11455f4f36a0680b9725189375,35.09
battery_temp,1605090371000000000,,Charging,SWD,macos,6c328af026994ab5ae14d1eb27d92e2b,36.69
battery_temp,1605090385000000000,,Discharging,SWD,macos,6c328af026994ab5ae14d1eb27d92e2b,36.69
battery_temp,1605090401000000000,,Full,SWD,macos,13370f11455f4f36a0680b9725189375,29
battery_temp,1605091669000000000,,Full,SWD,macos,13370f11455f4f36a0680b9725189375,29
battery_temp,1605091683000000000,,Full,SWD,macos,13370f11455f4f36a0680b9725189375,29.19
battery_temp,1605091697000000000,,Full,SWD,macos,13370f11455f4f36a0680b9725189375,29.39
battery_temp,1605091712000000000,,Full,SWD,macos,13370f11455f4f36a0680b9725189375,28.59
battery_temp,1605091726000000000,,Full,SWD,macos,13370f11455f4f36a0680b9725189375,28.89
battery_temp,1605091740000000000,,Full,SWD,macos,13370f11455f4f36a0680b9725189375,30.09
battery_temp,1605091754000000000,,Full,SWD,macos,13370f11455f4f36a0680b9725189375,30.39
battery_temp,1605091768000000000,,Full,SWD,macos,13370f11455f4f36a0680b9725189375,29.59
battery_temp,1605091782000000000,,Full,SWD,macos,13370f11455f4f36a0680b9725189375,29.8
battery_temp,1605091796000000000,,Full,SWD,macos,13370f11455f4f36a0680b9725189375,29.89
battery_temp,1605091810000000000,,Full,SWD,macos,13370f11455f4f36a0680b9725189375,31
battery_temp,1605091824000000000,,Full,SWD,macos,13370f11455f4f36a0680b9725189375,31.19
battery_temp,1605091838000000000,,Full,SWD,macos,13370f11455f4f36a0680b9725189375,31.3
battery_temp,1605091852000000000,,Full,SWD,macos,13370f11455f4f36a0680b9725189375,31.39
battery_temp,1605091866000000000,,Full,SWD,macos,13370f11455f4f36a0680b9725189375,30.5
battery_temp,1605091881000000000,,Full,SWD,macos,13370f11455f4f36a0680b9725189375,30.5
battery_temp,1605091895000000000,,Full,SWD,macos,13370f11455f4f36a0680b9725189375,30.59
battery_temp,1605091909000000000,,Full,SWD,macos,13370f11455f4f36a0680b9725189375,30.69
battery_temp,1605091923000000000,,Full,SWD,macos,13370f11455f4f36a0680b9725189375,30.8
battery_temp,1605091937000000000,,Full,SWD,macos,13370f11455f4f36a0680b9725189375,32
battery_temp,1605091951000000000,,Full,SWD,macos,13370f11455f4f36a0680b9725189375,32.19
battery_temp,1605091965000000000,,Full,SWD,macos,13370f11455f4f36a0680b9725189375,32.3
battery_temp,1605091979000000000,,Full,SWD,macos,13370f11455f4f36a0680b9725189375,31.5
battery_temp,1605091993000000000,,Full,SWD,macos,13370f11455f4f36a0680b9725189375,31.69
battery_temp,1605092007000000000,,Full,SWD,macos,13370f11455f4f36a0680b9725189375,31.8
battery_temp,1605092021000000000,,Full,SWD,macos,13370f11455f4f36a0680b9725189375,33
battery_temp,1605092035000000000,,Full,SWD,macos,13370f11455f4f36a0680b9725189375,33.19
battery_temp,1605092049000000000,,Full,SWD,macos,13370f11455f4f36a0680b9725189375,33.39
battery_temp,1605092063000000000,,Full,SWD,macos,13370f11455f4f36a0680b9725189375,32.5
battery_temp,1605092077000000000,,Full,SWD,macos,13370f11455f4f36a0680b9725189375,32.69
battery_temp,1605092091000000000,,Full,SWD,macos,13370f11455f4f36a0680b9725189375,32.89
battery_temp,1605092107000000000,,Full,SWD,macos,13370f11455f4f36a0680b9725189375,34
battery_temp,1605092120000000000,,Full,SWD,macos,13370f11455f4f36a0680b9725189375,34.09
battery_temp,1605092135000000000,,Full,SWD,macos,13370f11455f4f36a0680b9725189375,34.19
battery_temp,1605092149000000000,,Full,SWD,macos,13370f11455f4f36a0680b9725189375,34.3
battery_temp,1605092163000000000,,Full,SWD,macos,13370f11455f4f36a0680b9725189375,34.39
battery_temp,1605092177000000000,,Full,SWD,macos,13370f11455f4f36a0680b9725189375,34.39
battery_temp,1605092191000000000,,Full,SWD,macos,13370f11455f4f36a0680b9725189375,33.5
battery_temp,1605092205000000000,,Full,SWD,macos,13370f11455f4f36a0680b9725189375,33.5
battery_temp,1605092220000000000,,Full,SWD,macos,13370f11455f4f36a0680b9725189375,33.59
battery_temp,1605092234000000000,,Full,SWD,macos,13370f11455f4f36a0680b9725189375,33.59
battery_temp,1605092248000000000,,Full,SWD,macos,13370f11455f4f36a0680b9725189375,33.69
battery_temp,1605092262000000000,,Full,SWD,macos,13370f11455f4f36a0680b9725189375,33.8
battery_temp,1605092276000000000,,Full,SWD,macos,13370f11455f4f36a0680b9725189375,33.89
battery_temp,1605092290000000000,,Full,SWD,macos,13370f11455f4f36a0680b9725189375,33.89
battery_temp,1605092304000000000,,Full,SWD,macos,13370f11455f4f36a0680b9725189375,35
battery_temp,1605092318000000000,,Full,SWD,macos,13370f11455f4f36a0680b9725189375,35.09
battery_temp,1605092333000000000,,Full,SWD,macos,13370f11455f4f36a0680b9725189375,35.19
battery_temp,1605092347000000000,,Full,SWD,macos,13370f11455f4f36a0680b9725189375,35.3
battery_temp,1605092361000000000,,Full,SWD,macos,13370f11455f4f36a0680b9725189375,35.39
battery_temp,1605092375000000000,,Full,SWD,macos,13370f11455f4f36a0680b9725189375,34.5
battery_temp,1605092389000000000,,Full,SWD,macos,13370f11455f4f36a0680b9725189375,34.59
battery_temp,1605092404000000000,,Full,SWD,macos,13370f11455f4f36a0680b9725189375,34.59
battery_temp,1605092418000000000,,Full,SWD,macos,13370f11455f4f36a0680b9725189375,34.59
battery_temp,1605092433000000000,,Full,SWD,macos,13370f11455f4f36a0680b9725189375,34.69
battery_temp,1605092449000000000,,Full,SWD,macos,13370f11455f4f36a0680b9725189375,34.89
battery_temp,1605092463000000000,,Full,SWD,macos,13370f11455f4f36a0680b9725189375,36
battery_temp,1605092477000000000,,Full,SWD,macos,13370f11455f4f36a0680b9725189375,36.19
battery_temp,1605092492000000000,,Full,SWD,macos,13370f11455f4f36a0680b9725189375,36.3
battery_temp,1605092506000000000,,Full,SWD,macos,13370f11455f4f36a0680b9725189375,36.39
battery_temp,1605092520000000000,,Full,SWD,macos,13370f11455f4f36a0680b9725189375,36.39
battery_temp,1605092534000000000,,Full,SWD,macos,13370f11455f4f36a0680b9725189375,35.5
battery_temp,1605092549000000000,,Full,SWD,macos,13370f11455f4f36a0680b9725189375,35.5
battery_temp,1605092563000000000,,Full,SWD,macos,13370f11455f4f36a0680b9725189375,35.5
battery_temp,1605092577000000000,,Full,SWD,macos,13370f11455f4f36a0680b9725189375,35.5
battery_temp,1605092591000000000,,Full,SWD,macos,13370f11455f4f36a0680b9725189375,35.59
battery_temp,1605092605000000000,,Full,SWD,macos,13370f11455f4f36a0680b9725189375,35.59
battery_temp,1605092620000000000,,Full,SWD,macos,13370f11455f4f36a0680b9725189375,35.69
battery_temp,1605092635000000000,,Full,SWD,macos,13370f11455f4f36a0680b9725189375,35.69
battery_temp,1605092649000000000,,Full,SWD,macos,13370f11455f4f36a0680b9725189375,35.69
battery_temp,1605092664000000000,,Full,SWD,macos,13370f11455f4f36a0680b9725189375,35.69
battery_temp,1605092679000000000,,Full,SWD,macos,13370f11455f4f36a0680b9725189375,35.8
battery_temp,1605092695000000000,,Full,SWD,macos,13370f11455f4f36a0680b9725189375,35.8
battery_temp,1605092709000000000,,Full,SWD,macos,13370f11455f4f36a0680b9725189375,35.89
battery_temp,1605092723000000000,,Full,SWD,macos,13370f11455f4f36a0680b9725189375,37
battery_temp,1605092739000000000,,Full,SWD,macos,13370f11455f4f36a0680b9725189375,37.09
battery_temp,1605092753000000000,,Full,SWD,macos,13370f11455f4f36a0680b9725189375,37.19
battery_temp,1605092768000000000,,Full,SWD,macos,13370f11455f4f36a0680b9725189375,37.3
battery_temp,1605092783000000000,,Full,SWD,macos,13370f11455f4f36a0680b9725189375,37.39
battery_temp,1605092797000000000,,Full,SWD,macos,13370f11455f4f36a0680b9725189375,36.5
battery_temp,1605092811000000000,,Full,SWD,macos,13370f11455f4f36a0680b9725189375,36.5
battery_temp,1605092825000000000,,Full,SWD,macos,13370f11455f4f36a0680b9725189375,36.59
battery_temp,1605092839000000000,,Full,SWD,macos,13370f11455f4f36a0680b9725189375,36.69
battery_temp,1605092853000000000,,Full,SWD,macos,13370f11455f4f36a0680b9725189375,36.69
battery_temp,1605092866000000000,,Full,SWD,macos,13370f11455f4f36a0680b9725189375,36.8
battery_temp,1605092880000000000,,Full,SWD,macos,13370f11455f4f36a0680b9725189375,36.89
battery_temp,1605092894000000000,,Full,SWD,macos,13370f11455f4f36a0680b9725189375,38
battery_temp,1605092911000000000,,Full,SWD,macos,13370f11455f4f36a0680b9725189375,38.09
battery_temp,1605092925000000000,,Full,SWD,macos,13370f11455f4f36a0680b9725189375,38.19
battery_temp,1605092939000000000,,Full,SWD,macos,13370f11455f4f36a0680b9725189375,38.19
battery_temp,1605092953000000000,,Full,SWD,macos,13370f11455f4f36a0680b9725189375,38.19
battery_temp,1605092967000000000,,Full,SWD,macos,13370f11455f4f36a0680b9725189375,38.19
battery_temp,1605092983000000000,,Full,SWD,macos,13370f11455f4f36a0680b9725189375,38
battery_temp,1605093000000000000,,Full,SWD,macos,13370f11455f4f36a0680b9725189375,38
battery_temp,1605093014000000000,,Full,SWD,macos,13370f11455f4f36a0680b9725189375,36.89
battery_temp,1605093028000000000,,Full,SWD,macos,13370f11455f4f36a0680b9725189375,36.89
battery_temp,1605093043000000000,,Full,SWD,macos,13370f11455f4f36a0680b9725189375,36.8
battery_temp,1605093057000000000,,Full,SWD,macos,13370f11455f4f36a0680b9725189375,36.8
battery_temp,1605093072000000000,,Full,SWD,macos,13370f11455f4f36a0680b9725189375,36.89
battery_temp,1605093087000000000,,Full,SWD,macos,13370f11455f4f36a0680b9725189375,38
battery_temp,1605093102000000000,,Full,SWD,macos,13370f11455f4f36a0680b9725189375,38
battery_temp,1605093116000000000,,Full,SWD,macos,13370f11455f4f36a0680b9725189375,38.09
battery_temp,1605093130000000000,,Full,SWD,macos,13370f11455f4f36a0680b9725189375,38.19
battery_temp,1605093145000000000,,Full,SWD,macos,13370f11455f4f36a0680b9725189375,38.39
battery_temp,1605093160000000000,,Full,SWD,macos,13370f11455f4f36a0680b9725189375,37.5
battery_temp,1605093174000000000,,Full,SWD,macos,13370f11455f4f36a0680b9725189375,37.59
battery_temp,1605093188000000000,,Full,SWD,macos,13370f11455f4f36a0680b9725189375,37.8
battery_temp,1605093202000000000,,Full,SWD,macos,13370f11455f4f36a0680b9725189375,37.8
battery_temp,1605093217000000000,,Full,SWD,macos,13370f11455f4f36a0680b9725189375,37.89
battery_temp,1605093231000000000,,Full,SWD,macos,13370f11455f4f36a0680b9725189375,37.89
battery_temp,1605093245000000000,,Full,SWD,macos,13370f11455f4f36a0680b9725189375,39
battery_temp,1605093259000000000,,Full,SWD,macos,13370f11455f4f36a0680b9725189375,39.09
battery_temp,1605093273000000000,,Full,SWD,macos,13370f11455f4f36a0680b9725189375,39.19
battery_temp,1605093287000000000,,Full,SWD,macos,13370f11455f4f36a0680b9725189375,39.3
battery_temp,1605093302000000000,,Full,SWD,macos,13370f11455f4f36a0680b9725189375,39.3
battery_temp,1605093316000000000,,Full,SWD,macos,13370f11455f4f36a0680b9725189375,39.3
battery_temp,1605093330000000000,,Full,SWD,macos,13370f11455f4f36a0680b9725189375,39.3
battery_temp,1605093344000000000,,Full,SWD,macos,13370f11455f4f36a0680b9725189375,39.3
battery_temp,1605093357000000000,,Full,SWD,macos,13370f11455f4f36a0680b9725189375,39.3
battery_temp,1605093371000000000,,Full,SWD,macos,13370f11455f4f36a0680b9725189375,39.19
battery_temp,1605093385000000000,,Full,SWD,macos,13370f11455f4f36a0680b9725189375,39.09
battery_temp,1605093400000000000,,Full,SWD,macos,13370f11455f4f36a0680b9725189375,39.09
battery_temp,1605093415000000000,,Full,SWD,macos,13370f11455f4f36a0680b9725189375,39.19
battery_temp,1605093429000000000,,Full,SWD,macos,13370f11455f4f36a0680b9725189375,39.3
battery_temp,1605093443000000000,,Full,SWD,macos,13370f11455f4f36a0680b9725189375,39.39
battery_temp,1605093457000000000,,Full,SWD,macos,13370f11455f4f36a0680b9725189375,38.5
battery_temp,1605093471000000000,,Full,SWD,macos,13370f11455f4f36a0680b9725189375,38.5
battery_temp,1605093486000000000,,Full,SWD,macos,13370f11455f4f36a0680b9725189375,38.59
battery_temp,1605093500000000000,,Full,SWD,macos,13370f11455f4f36a0680b9725189375,38.59
battery_temp,1605093514000000000,,Full,SWD,macos,13370f11455f4f36a0680b9725189375,38.69
battery_temp,1605093529000000000,,Full,SWD,macos,13370f11455f4f36a0680b9725189375,38.69
battery_temp,1605093543000000000,,Full,SWD,macos,13370f11455f4f36a0680b9725189375,38.69
battery_temp,1605093557000000000,,Full,SWD,macos,13370f11455f4f36a0680b9725189375,38.69
battery_temp,1605093570000000000,,Full,SWD,macos,13370f11455f4f36a0680b9725189375,38.69
battery_temp,1605093585000000000,,Full,SWD,macos,13370f11455f4f36a0680b9725189375,38.69
battery_temp,1605093599000000000,,Full,SWD,macos,13370f11455f4f36a0680b9725189375,38.69
battery_temp,1605093613000000000,,Full,SWD,macos,13370f11455f4f36a0680b9725189375,38.59
battery_temp,1605093627000000000,,Full,SWD,macos,13370f11455f4f36a0680b9725189375,38.59
battery_temp,1605093641000000000,,Full,SWD,macos,13370f11455f4f36a0680b9725189375,38.59
battery_temp,1605093656000000000,,Full,SWD,macos,13370f11455f4f36a0680b9725189375,38.69
battery_temp,1605093670000000000,,Full,SWD,macos,13370f11455f4f36a0680b9725189375,38.8
battery_temp,1605093684000000000,,Full,SWD,macos,13370f11455f4f36a0680b9725189375,38.89
battery_temp,1605093698000000000,,Full,SWD,macos,13370f11455f4f36a0680b9725189375,38.89
battery_temp,1605093712000000000,,Full,SWD,macos,13370f11455f4f36a0680b9725189375,38.89
battery_temp,1605093726000000000,,Full,SWD,macos,13370f11455f4f36a0680b9725189375,38.89
battery_temp,1605093740000000000,,Full,SWD,macos,13370f11455f4f36a0680b9725189375,38.89
battery_temp,1605093755000000000,,Full,SWD,macos,13370f11455f4f36a0680b9725189375,38.89
battery_temp,1605093769000000000,,Full,SWD,macos,13370f11455f4f36a0680b9725189375,38.89
battery_temp,1605093783000000000,,Full,SWD,macos,13370f11455f4f36a0680b9725189375,38.8
battery_temp,1605093798000000000,,Full,SWD,macos,13370f11455f4f36a0680b9725189375,38.8
battery_temp,1605093812000000000,,Full,SWD,macos,13370f11455f4f36a0680b9725189375,38.8
battery_temp,1605093826000000000,,Full,SWD,macos,13370f11455f4f36a0680b9725189375,38.8
battery_temp,1605093840000000000,,Full,SWD,macos,13370f11455f4f36a0680b9725189375,38.8
battery_temp,1605093854000000000,,Full,SWD,macos,13370f11455f4f36a0680b9725189375,38.8
battery_temp,1605093869000000000,,Full,SWD,macos,13370f11455f4f36a0680b9725189375,38.8
battery_temp,1605093883000000000,,Full,SWD,macos,13370f11455f4f36a0680b9725189375,38.8
battery_temp,1605093897000000000,,Full,SWD,macos,13370f11455f4f36a0680b9725189375,38.8
